Compound Score,Negative Score,Neutral Score,Positive Score,Tweet,TweetsAgo,User
0.0,0.0,1.0,0.0,A video capturing an unidentified object flying off the coast of San Diego in 2004 has been released by the US Depa‚Ä¶ https://t.co/89PwWAulmW,1.0,@CNN
0.0,0.0,1.0,0.0,These four chefs met in the ‚Äò80s ‚Ä¶ and changed everything | via @CNNTravel https://t.co/l5hQWDYdwi https://t.co/dOO6hjvnQb,2.0,@CNN
0.4215,0.0,0.859,0.141,The US Coast Guard rescued a sea turtle entangled in bundles of cocaine off the coast of Florida https://t.co/3s9DVeN3Ww,3.0,@CNN
-0.4767,0.14,0.86,0.0,"Former Clinton aide Keith Boykin says Trump ""should be ashamed of himself for accomplishing so little with having a‚Ä¶ https://t.co/en5OnRgauf",4.0,@CNN
0.4019,0.0,0.881,0.119,Sen. Bernie Sanders: ‚ÄúWe need a revolution in the way we treat women in the workforce from the bottom on up.‚Äù‚Ä¶ https://t.co/mPtXUEwoQ1,5.0,@CNN
0.0,0.0,1.0,0.0,Oil hits $60 a barrel for the first time in 2.5 years https://t.co/C0NvG15ZS0 https://t.co/Uxa8qgwg7G,6.0,@CNN
-0.1779,0.086,0.856,0.058,"Sen. Bernie Sanders on DACA: ‚ÄúIf we do not act, you‚Äôre going to have 800,000 people with no legal status who will b‚Ä¶ https://t.co/uZG6DgxYzv",7.0,@CNN
-0.2263,0.132,0.769,0.099,This Vietnam vet's dying wish was to see 'Star Wars: The Last Jedi'. His community came together to give him that a‚Ä¶ https://t.co/HDpQebCJba,8.0,@CNN
-0.5994,0.226,0.711,0.063,"The cities of New York, Philadelphia and San Francisco are suing the Department of Defense for failing to consisten‚Ä¶ https://t.co/KilOs4e7kW",9.0,@CNN
0.4215,0.0,0.859,0.141,The US Coast Guard rescued a sea turtle entangled in bundles of cocaine off the coast of Florida https://t.co/DSoBNFGgkT,10.0,@CNN
0.0,0.0,1.0,0.0,Virginia Democrat asks court to reconsider decision that made delegate race a tie https://t.co/W1aO1ZAID5 https://t.co/vdO4n7IqO9,11.0,@CNN
0.0,0.0,1.0,0.0,A video capturing an unidentified object flying off the coast of San Diego in 2004 has been released by the US Depa‚Ä¶ https://t.co/TwQqm2zZXW,12.0,@CNN
0.0,0.0,1.0,0.0,"A mining company announced that it is proceeding with plans to build an Alaskan gold and copper mine, which critics‚Ä¶ https://t.co/N9hZeB5RXL",13.0,@CNN
0.2944,0.0,0.901,0.099,"""My personal belief is that there is very compelling evidence that we may not be alone,"" says former military intel‚Ä¶ https://t.co/dKV4P061zp",14.0,@CNN
0.0,0.0,1.0,0.0,"The wildfires in California just keep shattering records this year, with costs topping $10 billion‚Ä¶ https://t.co/p1HWVpmopp",15.0,@CNN
0.5574,0.0,0.795,0.205,"President Trump has scored some successes in foreign policy, writes Peter Bergen for @CNNOpinion‚Ä¶ https://t.co/fZZlMCI8EJ",16.0,@CNN
-0.0258,0.055,0.945,0.0,A British woman who says she was carrying painkillers for her ailing partner was sentenced to three years in prison‚Ä¶ https://t.co/fgyhqsd1qs,17.0,@CNN
0.481,0.0,0.779,0.221,Here's another sign that shoppers spent big this holiday season https://t.co/CxES9aKqki https://t.co/OaPs60NCoP,18.0,@CNN
0.6369,0.0,0.53,0.47,Amazon unveils the top holiday gifts this season https://t.co/4DoJMiHTDZ https://t.co/ITtdmJaNpy,19.0,@CNN
0.8271,0.0,0.476,0.524,2017 was a great year to be rich https://t.co/ZbmGT49Pnx https://t.co/wJHtG2ExUB,20.0,@CNN
0.0,0.0,1.0,0.0,A video capturing an unidentified object flying off the coast of San Diego in 2004 has been released by the US Depa‚Ä¶ https://t.co/89PwWAulmW,21.0,@CNN
0.0,0.0,1.0,0.0,These four chefs met in the ‚Äò80s ‚Ä¶ and changed everything | via @CNNTravel https://t.co/l5hQWDYdwi https://t.co/dOO6hjvnQb,22.0,@CNN
0.4215,0.0,0.859,0.141,The US Coast Guard rescued a sea turtle entangled in bundles of cocaine off the coast of Florida https://t.co/3s9DVeN3Ww,23.0,@CNN
-0.4767,0.14,0.86,0.0,"Former Clinton aide Keith Boykin says Trump ""should be ashamed of himself for accomplishing so little with having a‚Ä¶ https://t.co/en5OnRgauf",24.0,@CNN
0.4019,0.0,0.881,0.119,Sen. Bernie Sanders: ‚ÄúWe need a revolution in the way we treat women in the workforce from the bottom on up.‚Äù‚Ä¶ https://t.co/mPtXUEwoQ1,25.0,@CNN
0.0,0.0,1.0,0.0,Oil hits $60 a barrel for the first time in 2.5 years https://t.co/C0NvG15ZS0 https://t.co/Uxa8qgwg7G,26.0,@CNN
-0.1779,0.086,0.856,0.058,"Sen. Bernie Sanders on DACA: ‚ÄúIf we do not act, you‚Äôre going to have 800,000 people with no legal status who will b‚Ä¶ https://t.co/uZG6DgxYzv",27.0,@CNN
-0.2263,0.132,0.769,0.099,This Vietnam vet's dying wish was to see 'Star Wars: The Last Jedi'. His community came together to give him that a‚Ä¶ https://t.co/HDpQebCJba,28.0,@CNN
-0.5994,0.226,0.711,0.063,"The cities of New York, Philadelphia and San Francisco are suing the Department of Defense for failing to consisten‚Ä¶ https://t.co/KilOs4e7kW",29.0,@CNN
0.4215,0.0,0.859,0.141,The US Coast Guard rescued a sea turtle entangled in bundles of cocaine off the coast of Florida https://t.co/DSoBNFGgkT,30.0,@CNN
0.0,0.0,1.0,0.0,Virginia Democrat asks court to reconsider decision that made delegate race a tie https://t.co/W1aO1ZAID5 https://t.co/vdO4n7IqO9,31.0,@CNN
0.0,0.0,1.0,0.0,A video capturing an unidentified object flying off the coast of San Diego in 2004 has been released by the US Depa‚Ä¶ https://t.co/TwQqm2zZXW,32.0,@CNN
0.0,0.0,1.0,0.0,"A mining company announced that it is proceeding with plans to build an Alaskan gold and copper mine, which critics‚Ä¶ https://t.co/N9hZeB5RXL",33.0,@CNN
0.2944,0.0,0.901,0.099,"""My personal belief is that there is very compelling evidence that we may not be alone,"" says former military intel‚Ä¶ https://t.co/dKV4P061zp",34.0,@CNN
0.0,0.0,1.0,0.0,"The wildfires in California just keep shattering records this year, with costs topping $10 billion‚Ä¶ https://t.co/p1HWVpmopp",35.0,@CNN
0.5574,0.0,0.795,0.205,"President Trump has scored some successes in foreign policy, writes Peter Bergen for @CNNOpinion‚Ä¶ https://t.co/fZZlMCI8EJ",36.0,@CNN
-0.0258,0.055,0.945,0.0,A British woman who says she was carrying painkillers for her ailing partner was sentenced to three years in prison‚Ä¶ https://t.co/fgyhqsd1qs,37.0,@CNN
0.481,0.0,0.779,0.221,Here's another sign that shoppers spent big this holiday season https://t.co/CxES9aKqki https://t.co/OaPs60NCoP,38.0,@CNN
0.6369,0.0,0.53,0.47,Amazon unveils the top holiday gifts this season https://t.co/4DoJMiHTDZ https://t.co/ITtdmJaNpy,39.0,@CNN
0.8271,0.0,0.476,0.524,2017 was a great year to be rich https://t.co/ZbmGT49Pnx https://t.co/wJHtG2ExUB,40.0,@CNN
0.0,0.0,1.0,0.0,The NFL has canceled Sunday Night Football this week https://t.co/QiDJeq7uTw https://t.co/zYPsuPuzbg,41.0,@CNN
-0.1027,0.169,0.692,0.138,Treasury escalates pressure on North Korea with more sanctions https://t.co/dc5pBxeThx https://t.co/tTkIMjupkt,42.0,@CNN
0.0,0.0,1.0,0.0,RT @CNNnewsroom: The Salt Lake Tribune's Editorial Page Editor tells @donlemon why the paper is calling on Senator Orrin Hatch not to seek‚Ä¶,43.0,@CNN
-0.8402,0.286,0.714,0.0,"""The Sound of Music,"" actress Heather Menzies Urich has died of brain cancer, said her son. She was 68 years old‚Ä¶ https://t.co/geV4nPsfJU",44.0,@CNN
-0.5859,0.211,0.789,0.0,An iconic tree on the White House grounds is scheduled to be cut down after years of decay https://t.co/bg2C3sQ0Td https://t.co/00Vw8WOZVq,45.0,@CNN
0.3612,0.0,0.872,0.128,A Kremlin spokesman says Russia is ready to act as mediator for the US and North Korea https://t.co/ymnQlgvVUm https://t.co/Usdt6zkL6m,46.0,@CNN
0.0,0.0,1.0,0.0,President Trump has spent nearly one-third of his presidency at a Trump property https://t.co/Wf8HwDeDbe https://t.co/cumPR1jaFo,47.0,@CNN
-0.3724,0.108,0.892,0.0,"RT @CNNnewsroom: Rep. Jackie Speier: ""This President does not respect the rule of law... He is constantly putting down the very institution‚Ä¶",48.0,@CNN
0.0,0.0,1.0,0.0,Everything you need to know about the new tax law https://t.co/4WtSh2jKEG https://t.co/15xAkpp6nf,49.0,@CNN
-0.8074,0.378,0.622,0.0,New York City on pace to record lowest murder tally in decades https://t.co/VA21L3DGnq https://t.co/KVX6h7xV7j,50.0,@CNN
-0.5574,0.265,0.735,0.0,Tunisia suspends Emirates flights following female passenger travel ban https://t.co/8YPZdQii6Y https://t.co/9BgQW1SS28,51.0,@CNN
0.0,0.0,1.0,0.0,"Even for a place that gets a ton of snow, this was a record-breaking two days for Erie, Pennsylvania‚Ä¶ https://t.co/CMgcfSZSD7",52.0,@CNN
0.4019,0.069,0.755,0.176,US Ambassador to the United Nations Nikki Haley touts reduced UN budget https://t.co/FIAkXVutKs https://t.co/HIXUq0JNiH,53.0,@CNN
0.0,0.0,1.0,0.0,Liberians go to the polls to choose a new president https://t.co/wulGo2OLNz https://t.co/2GOMCvKM21,54.0,@CNN
0.5106,0.0,0.732,0.268,"Kennedy Center Honors go on, despite presidential no-show https://t.co/J966nevchU https://t.co/F6in4HSspb",55.0,@CNN
0.0,0.0,1.0,0.0,"More pregnant women are using pot, study finds https://t.co/4tJ3t1AcZn https://t.co/xKCqRQwODC",56.0,@CNN
0.0,0.078,0.843,0.078,"Retail has seen one of its toughest years, with a record number of store closings https://t.co/HYPleuXNNl https://t.co/HMWPJhPuBE",57.0,@CNN
0.0,0.0,1.0,0.0,"I'm a 6'3"" man with tattoo sleeves and a shaved head ‚Äî and I have a #MeToo story, writes James Gagliano for‚Ä¶ https://t.co/PCcppn4LpH",58.0,@CNN
-0.6249,0.186,0.814,0.0,"This year has been an unequivocal disaster for the future of the planet, writes Mark Kelly for @CNNOpinion‚Ä¶ https://t.co/1yuzhOmJGB",59.0,@CNN
0.0,0.0,1.0,0.0,Jamie Lynn Spears is pregnant with her second child https://t.co/Ca2LbUXrMu https://t.co/NTDovIwE8v,60.0,@CNN
-0.5994,0.231,0.769,0.0,Fans and relatives remember music superstar George Michael a year after his death https://t.co/7CuWGRkBAH https://t.co/PZ2uRLqIwp,61.0,@CNN
0.0,0.0,1.0,0.0,Here's a look back at some of the moments that defined golf in 2017 https://t.co/eCI06QmmGW https://t.co/XrgWPekN3s,62.0,@CNN
0.0,0.0,1.0,0.0,Investors think the iPhone X is a disappoinment https://t.co/FaT2wnC71X https://t.co/WmHKG4QCUk,63.0,@CNN
0.0,0.0,1.0,0.0,The local's guide to Venice Beach https://t.co/P1sN7sh2zz https://t.co/1ot4MZRFiX,64.0,@CNN
0.0,0.0,1.0,0.0,Major newspaper in Utah has called on Sen. Orrin Hatch to not seek re-election https://t.co/7049F461Tk https://t.co/oGJBdnMI6Q,65.0,@CNN
-0.8625,0.35,0.65,0.0,A mother and her two children were killed in a domestic violence shooting at a Phoenix apartment complex on Christm‚Ä¶ https://t.co/64PbnjhP2Q,66.0,@CNN
0.8591,0.0,0.488,0.512,There's a good chance your holiday gift returns will end up in a landfill https://t.co/NLxuthY332 https://t.co/MqUHpuYJVE,67.0,@CNN
0.1779,0.17,0.612,0.218,This overweight shelter dog helped save a 340-pound man's life https://t.co/xpLHYgftAG https://t.co/628EkX7Vfq,68.0,@CNN
-0.7845,0.418,0.582,0.0,Two suspects have been arrested in South Korea's deadliest fire in years https://t.co/O0sJsWoI20 https://t.co/SJWPcG2y2g,69.0,@CNN
0.4588,0.0,0.833,0.167,"'All chocolate, all the time‚Äô: Meet Jacques Torres, the wizard of sweet | via @CNNTravel https://t.co/wE6VhkFHCF https://t.co/1d9ExvWLXP",70.0,@CNN
-0.8402,0.286,0.714,0.0,"""The Sound of Music,"" actress Heather Menzies Urich has died of brain cancer, said her son. She was 68 years old‚Ä¶ https://t.co/Sj2AbBYwVm",71.0,@CNN
0.0,0.0,1.0,0.0,China orders tech tycoon to return and face debts https://t.co/XE96nyhOOE https://t.co/SiFUzg3BGl,72.0,@CNN
0.6705,0.0,0.744,0.256,Investors are returning from the holiday break to a full day of trading in the United States https://t.co/0xUolhRJJP https://t.co/qtQAzzaXN7,73.0,@CNN
-0.2732,0.11,0.89,0.0,An iconic tree on the White House grounds is scheduled to be cut down and removed https://t.co/AlCP3Emj9L https://t.co/kmHFQ2Fs7f,74.0,@CNN
0.6705,0.0,0.756,0.244,"From palatial suites that would grace a hotel penthouse to historic vessels exuding nostalgia and charm, here are s‚Ä¶ https://t.co/hLr6kRX2XA",75.0,@CNN
-0.3182,0.204,0.796,0.0,Here are the people we've lost in 2017 https://t.co/nOrRgeCXea https://t.co/KIgN3ybil6,76.0,@CNN
0.4404,0.0,0.879,0.121,"China had a good year in the South China Sea, analysts say. But that could change in 2018, if an over-confident Bei‚Ä¶ https://t.co/zGMcCKycB1",77.0,@CNN
0.2023,0.0,0.909,0.091,Meet the top-ranking female chess player and the only woman in the World Chess Federation's Top 100 players‚Ä¶ https://t.co/mqqgbSkN3Z,78.0,@CNN
-0.1531,0.143,0.739,0.117,"Peruvians, angered at the pardoning of ailing former President Fujimori, took to the streets of Lima, for a second‚Ä¶ https://t.co/Lq05g1ftBn",79.0,@CNN
0.0,0.0,1.0,0.0,"7 women in politics to watch in 2018: Why @SenGillibrand, @lisamurkowski, @KamalaHarris, along with UN Ambassador‚Ä¶ https://t.co/T20PfpsQJ6",80.0,@CNN
0.0,0.0,1.0,0.0,Here's a non-black person's guide to Kwanzaa https://t.co/rqdYkq8g3c https://t.co/hjHEQagWz7,81.0,@CNN
0.0,0.0,1.0,0.0,2018 will be the year of the electric car https://t.co/njxWuMIiF0 https://t.co/Hvrbeni6ZN,82.0,@CNN
-0.4215,0.149,0.851,0.0,"Chinese scientists are using a cloned, gene-edited dog to aid cardiovascular disease research, but critics call the‚Ä¶ https://t.co/eqnpOp1LfW",83.0,@CNN
-0.6124,0.235,0.765,0.0,"""They use black men as slaves."" Migrants tell of brutality in Libya https://t.co/wfOxB63YgF https://t.co/qYi5gQjfeP",84.0,@CNN
0.2732,0.073,0.81,0.117,"Boxing Day is the day after Christmas, and it has absolutely nothing to do with your empty gift boxes. Here's what‚Ä¶ https://t.co/C67ZnI87ia",85.0,@CNN
-0.8402,0.286,0.714,0.0,"""The Sound of Music,"" actress Heather Menzies Urich has died of brain cancer, said her son. She was 68 years old‚Ä¶ https://t.co/LOAAYo4rvS",86.0,@CNN
-0.3182,0.247,0.753,0.0,2017: The year feminism fought back https://t.co/agPr1thEl6 https://t.co/DexdiOdxhu,87.0,@CNN
-0.4588,0.15,0.85,0.0,"On the Japanese island of Naoshima, contemporary sculptures dot the landscape, while abandoned houses are turned in‚Ä¶ https://t.co/ouABUgfAn3",88.0,@CNN
0.0,0.0,1.0,0.0,Take a look back at the photos that shaped 2017 https://t.co/2RA9kYpQjF https://t.co/nd1VMNDvpz,89.0,@CNN
0.3182,0.135,0.598,0.267,The South Korean Defense Ministry is creating a new bureau dedicated to monitoring and countering the threat from N‚Ä¶ https://t.co/lIsujLAv8w,90.0,@CNN
-0.3182,0.113,0.887,0.0,"They've been dubbed ""ghost ships."" This year marked a record for this mysterious phenomenon as nearly 100 North Kor‚Ä¶ https://t.co/q60bnhNXxJ",91.0,@CNN
0.0,0.0,1.0,0.0,President Trump has visited his properties more than 100 times this year https://t.co/vwcyz5lMOV https://t.co/IFOIFNCkg0,92.0,@CNN
0.0,0.0,1.0,0.0,This was the year Brexit began to bite https://t.co/3h1zb7pS3A https://t.co/SkbupIFwp4,93.0,@CNN
0.5106,0.0,0.798,0.202,"From investing in Pakistan to deploying peacekeepers in South Sudan, China‚Äôs growing clout is being felt around the‚Ä¶ https://t.co/sC0SS4tDA7",94.0,@CNN
0.0,0.0,1.0,0.0,They escaped child marriage. Now they're speaking out https://t.co/yx6vrXDUjr https://t.co/VjdAgfaTKu,95.0,@CNN
-0.2924,0.135,0.865,0.0,Why US President Donald Trump isn't getting the credit he thinks he deserves https://t.co/hjtYhdM2lH https://t.co/psVgwQpCsj,96.0,@CNN
0.7906,0.0,0.696,0.304,"What will happen in 2018?

- Trump approval rating
- Super Bowl
- House of Representatives
- The Dow
- Oscars
- Bes‚Ä¶ https://t.co/cD9phUJF6D",97.0,@CNN
0.128,0.112,0.757,0.131,A man in Puerto Rico dresses up as Santa Claus to spread Christmas cheer in the face of devastation from Hurricane‚Ä¶ https://t.co/6AULqqAjom,98.0,@CNN
0.0,0.0,1.0,0.0,"""I told him I voted for Trump in the primaries, he practically asked for the check""

Here's how dating in New York‚Ä¶ https://t.co/SHyIwPZewv",99.0,@CNN
0.0,0.0,1.0,0.0,"Filmed from inside cars and hotel rooms, CNN's Justin Robertson gives us a rare insight into life in Pyongyang, Nor‚Ä¶ https://t.co/0w5ySvF1Sg",100.0,@CNN
0.7783,0.0,0.673,0.327,Looking for a festive cocktail recipe? @jamieoliver made everyone a delightful Christmas tipple on #TGNS last week. https://t.co/jkYQj3zWkb,1.0,@BBC
0.4588,0.0,0.667,0.333,Nature can be simply breathtaking. #ReindeerFamilyAndMe https://t.co/NEa0YjJzlx,2.0,@BBC
0.891,0.0,0.586,0.414,"Amsterdam, 1686. Nella marries a rich merchant, hoping for love and prosperity. Instead, she enters a world of myst‚Ä¶ https://t.co/NxY0G4kxzP",3.0,@BBC
0.0,0.0,1.0,0.0,RT @BBCOne: When you‚Äôre so full up from eating that this is how you get around now. #SnowBears https://t.co/zaNXZO2xA9,4.0,@BBC
0.4019,0.0,0.87,0.13,ü¶å ‚ùÑÔ∏è @GordonJBuchanan meets the Sami people and learns about their special bond with reindeer. Reindeer Family &amp; Me‚Ä¶ https://t.co/7n8e6BgrVI,5.0,@BBC
0.0,0.0,1.0,0.0,Ainsley Harriott fed this guy pigs in blankets in the middle of the night. Michael McIntyre‚Äôs Midnight Gameshow con‚Ä¶ https://t.co/B4aZXsITjV,6.0,@BBC
0.5523,0.0,0.798,0.202,RT @BBCr4today: Don't forget Prince Harry is our guest editor tomorrow. Tune in bright and early from 6am https://t.co/LlBHinCr6k #r4today‚Ä¶,7.0,@BBC
0.3612,0.0,0.872,0.128,"Make Christmas leftovers feel brand new with recipes like the @HairyBikers' 'Bang Bang Turkey.' üçó

Find more leftov‚Ä¶ https://t.co/pPVKwocz8I",8.0,@BBC
0.5994,0.0,0.804,0.196,A coming of age story loved by generations worldwide. ‚ù§Ô∏è #LittleWomen. Starts tonight at 8pm on @BBCOne.‚Ä¶ https://t.co/JGJKcZkWKD,9.0,@BBC
0.2714,0.0,0.913,0.087,"RT @BBCRadio2: Between now and 2pm, @mikasounds is playing some of his favourite tracks from the most iconic songwriters of all time! Rumou‚Ä¶",10.0,@BBC
-0.296,0.115,0.885,0.0,.@Camila_Cabello was on @BBCR1 for a whole hour on Christmas day. Missed it? You can listen back here:‚Ä¶ https://t.co/JI3H2jJkW0,11.0,@BBC
-0.7096,0.312,0.688,0.0,"A Northerner has been accused of terrifying Londoners by walking around saying hello‚Ä¶ üòÇ 

#TheMashReport | @BBCTwo https://t.co/Pz88aBmrkh",12.0,@BBC
0.0516,0.118,0.756,0.126,RT @BBCWomansHour: Struggling with your mental health over the festive period? @Rubywax says #mindfulness changed her life üôá VIDEO üé•üëá https‚Ä¶,13.0,@BBC
0.0,0.0,1.0,0.0,"Follow the journey of polar bear cubs and their mother as they travel 400 miles to the North Pole. ‚ùÑÔ∏è

#SnowBears |‚Ä¶ https://t.co/FuWj5eXpTz",14.0,@BBC
0.0,0.0,1.0,0.0,"RT @BBCr4today: Prince Harry is all set to guest edit the programme on Wednesday where you can expect a lot more of this...
Listen live her‚Ä¶",15.0,@BBC
-0.8481,0.506,0.494,0.0,"The zombie crisis is now a full-blown crisis. üòÇ

#ScotSquad | @BBCScotland https://t.co/UFyNdLks67",16.0,@BBC
-0.4404,0.192,0.728,0.08,Tens of thousands of people may be at increased risk of dying early from heart attacks and strokes by misusing anab‚Ä¶ https://t.co/bSJsAN1SxG,17.0,@BBC
0.6674,0.0,0.767,0.233,RT @BBCOne: Who said the presents have to end already? Unwrap even more festive surprises on @BBCOne this #BoxingDay. üéÅ https://t.co/LyOf9H‚Ä¶,18.0,@BBC
0.3182,0.0,0.905,0.095,"RT @BBCOne: Pack your bags for a fun-packed, snowy adventure as two polar bear cubs and their mother embark on a 400-mile journey. ‚ùÑÔ∏è

#Sno‚Ä¶",19.0,@BBC
-0.7469,0.229,0.771,0.0,"Tuberculosis is often thought of as a historic disease, but every day around 4,700 people worldwide die of TB.‚Ä¶ https://t.co/mDQdvSV78x",20.0,@BBC
0.7783,0.0,0.673,0.327,Looking for a festive cocktail recipe? @jamieoliver made everyone a delightful Christmas tipple on #TGNS last week. https://t.co/jkYQj3zWkb,21.0,@BBC
0.4588,0.0,0.667,0.333,Nature can be simply breathtaking. #ReindeerFamilyAndMe https://t.co/NEa0YjJzlx,22.0,@BBC
0.891,0.0,0.586,0.414,"Amsterdam, 1686. Nella marries a rich merchant, hoping for love and prosperity. Instead, she enters a world of myst‚Ä¶ https://t.co/NxY0G4kxzP",23.0,@BBC
0.0,0.0,1.0,0.0,RT @BBCOne: When you‚Äôre so full up from eating that this is how you get around now. #SnowBears https://t.co/zaNXZO2xA9,24.0,@BBC
0.4019,0.0,0.87,0.13,ü¶å ‚ùÑÔ∏è @GordonJBuchanan meets the Sami people and learns about their special bond with reindeer. Reindeer Family &amp; Me‚Ä¶ https://t.co/7n8e6BgrVI,25.0,@BBC
0.0,0.0,1.0,0.0,Ainsley Harriott fed this guy pigs in blankets in the middle of the night. Michael McIntyre‚Äôs Midnight Gameshow con‚Ä¶ https://t.co/B4aZXsITjV,26.0,@BBC
0.5523,0.0,0.798,0.202,RT @BBCr4today: Don't forget Prince Harry is our guest editor tomorrow. Tune in bright and early from 6am https://t.co/LlBHinCr6k #r4today‚Ä¶,27.0,@BBC
0.3612,0.0,0.872,0.128,"Make Christmas leftovers feel brand new with recipes like the @HairyBikers' 'Bang Bang Turkey.' üçó

Find more leftov‚Ä¶ https://t.co/pPVKwocz8I",28.0,@BBC
0.5994,0.0,0.804,0.196,A coming of age story loved by generations worldwide. ‚ù§Ô∏è #LittleWomen. Starts tonight at 8pm on @BBCOne.‚Ä¶ https://t.co/JGJKcZkWKD,29.0,@BBC
0.2714,0.0,0.913,0.087,"RT @BBCRadio2: Between now and 2pm, @mikasounds is playing some of his favourite tracks from the most iconic songwriters of all time! Rumou‚Ä¶",30.0,@BBC
-0.296,0.115,0.885,0.0,.@Camila_Cabello was on @BBCR1 for a whole hour on Christmas day. Missed it? You can listen back here:‚Ä¶ https://t.co/JI3H2jJkW0,31.0,@BBC
-0.7096,0.312,0.688,0.0,"A Northerner has been accused of terrifying Londoners by walking around saying hello‚Ä¶ üòÇ 

#TheMashReport | @BBCTwo https://t.co/Pz88aBmrkh",32.0,@BBC
0.0516,0.118,0.756,0.126,RT @BBCWomansHour: Struggling with your mental health over the festive period? @Rubywax says #mindfulness changed her life üôá VIDEO üé•üëá https‚Ä¶,33.0,@BBC
0.0,0.0,1.0,0.0,"Follow the journey of polar bear cubs and their mother as they travel 400 miles to the North Pole. ‚ùÑÔ∏è

#SnowBears |‚Ä¶ https://t.co/FuWj5eXpTz",34.0,@BBC
0.0,0.0,1.0,0.0,"RT @BBCr4today: Prince Harry is all set to guest edit the programme on Wednesday where you can expect a lot more of this...
Listen live her‚Ä¶",35.0,@BBC
-0.8481,0.506,0.494,0.0,"The zombie crisis is now a full-blown crisis. üòÇ

#ScotSquad | @BBCScotland https://t.co/UFyNdLks67",36.0,@BBC
-0.4404,0.192,0.728,0.08,Tens of thousands of people may be at increased risk of dying early from heart attacks and strokes by misusing anab‚Ä¶ https://t.co/bSJsAN1SxG,37.0,@BBC
0.6674,0.0,0.767,0.233,RT @BBCOne: Who said the presents have to end already? Unwrap even more festive surprises on @BBCOne this #BoxingDay. üéÅ https://t.co/LyOf9H‚Ä¶,38.0,@BBC
0.3182,0.0,0.905,0.095,"RT @BBCOne: Pack your bags for a fun-packed, snowy adventure as two polar bear cubs and their mother embark on a 400-mile journey. ‚ùÑÔ∏è

#Sno‚Ä¶",39.0,@BBC
-0.7469,0.229,0.771,0.0,"Tuberculosis is often thought of as a historic disease, but every day around 4,700 people worldwide die of TB.‚Ä¶ https://t.co/mDQdvSV78x",40.0,@BBC
0.4588,0.0,0.857,0.143,'It's well worth taking a rest next to the burn so you can watch all the people fall on their arse as they try to t‚Ä¶ https://t.co/EimdoMZ53x,41.0,@BBC
0.2263,0.0,0.924,0.076,"RT @bbcworldservice: When we asked you for images of Jugaad, some of the cheap life hacks you'd spotted around the world surprised even us.‚Ä¶",42.0,@BBC
0.0,0.0,1.0,0.0,"RT @CBeebiesHQ: Which wrapping paper can you recycle? 
üéÅüéÅüîÑ

https://t.co/awqulXOj1R",43.0,@BBC
0.3612,0.0,0.783,0.217,"RT @BBCRadio4: üéÅ ""Thank you. It's just what I always wanted.""
https://t.co/fAxXWlA6Ao",44.0,@BBC
0.4404,0.0,0.861,0.139,"üòã Pies, sausage rolls, brunches, desserts... If your fave Christmas feast is the Boxing Day leftovers table, this i‚Ä¶ https://t.co/4dfP89ZlSP",45.0,@BBC
0.0,0.0,1.0,0.0,Savouring the Christmas leftovers like... https://t.co/aq2gFRPi0R,46.0,@BBC
0.4588,0.0,0.85,0.15,"Who actually knows why #BoxingDay is called Boxing Day? ü§î

@BBCTwo's The Sweet Makers is now available on‚Ä¶ https://t.co/HGTdQo187W",47.0,@BBC
0.5106,0.0,0.837,0.163,"This London barber offers free haircuts and life advice to the young and unemployed. ‚úÇÔ∏è

#EverydayHeroes |‚Ä¶ https://t.co/j63JI7ddH2",48.0,@BBC
0.0,0.0,1.0,0.0,"The more meat we eat, the quicker we deplete the Earth's resources. Could AI devise new ways to make meat-free food‚Ä¶ https://t.co/CUeZmrbzIf",49.0,@BBC
-0.2136,0.081,0.919,0.0,"RT @BBCTwo: ""I don't like running from the law... but this is awesome!"" üòéüò±

All new #TopGear. Coming soon to @BBCTwo‚Äã. https://t.co/0QP1aRA‚Ä¶",50.0,@BBC
-0.1027,0.097,0.903,0.0,"RT @bbcthree: Being a waitress at Christmas is hard. 

Here's what you can expect... https://t.co/Od0d6mkmmT",51.0,@BBC
0.0,0.0,1.0,0.0,RT @bbceastenders: This is too much... #EastEnders https://t.co/owupXCrWzU,52.0,@BBC
0.4574,0.0,0.85,0.15,‚ú®üéÑ @Dawn_French and @ferrifrump are back for a special 30th-anniversary show! 300 Years of French and Saunders. 10:‚Ä¶ https://t.co/dYVCsyoASR,53.0,@BBC
0.6369,0.0,0.802,0.198,RT @BBCOne: The best Christmas present a mother could ask for. Reunited after all this time. ‚ù§Ô∏è #CallTheMidwife https://t.co/IiRFhQeXW1,54.0,@BBC
0.2846,0.0,0.918,0.082,"We all know the lyrics to the beloved Fairytale of New York, but how much do you know about the song and its legacy‚Ä¶ https://t.co/D62etc9KsC",55.0,@BBC
0.4588,0.0,0.7,0.3,RT @BBCOne: Aww. What a festive line-up. üéÑ‚ú®#CallTheMidwife https://t.co/SQN1HGtwu1,56.0,@BBC
0.8001,0.0,0.494,0.506,"RT @bbcthree: LET ME EAT IN PEACE, OK? https://t.co/A9Qq5iOuc2",57.0,@BBC
0.0,0.0,1.0,0.0,We are all Emily. üòÇ https://t.co/fSJizdrOYO https://t.co/AM8fZ7AfUj,58.0,@BBC
0.5994,0.136,0.557,0.307,"On the first anniversary of his death, @BBCRadio2 celebrates the huge talent of George Michael. Listen from 8pm. üíú‚Ä¶ https://t.co/9ZpIqStRcw",59.0,@BBC
0.0,0.0,1.0,0.0,"RT @bbcdoctorwho: As Twelve lets go‚Ä¶ Words to hold onto.
#DoctorWho https://t.co/YMco9iY9ay",60.0,@BBC
0.2732,0.0,0.89,0.11,"Can these two committed meat-eaters be persuaded to swap turkey üçó for a vegan ü•ï Christmas dinner? üéÑüç¥

Via @BBC5Live https://t.co/6aDLqwC2S2",61.0,@BBC
0.0,0.0,1.0,0.0,"RT @BBCOne: The time has come. 
Let the regeneration begin...
 
#DoctorWho https://t.co/2fnnzc3wWl",62.0,@BBC
-0.2263,0.162,0.711,0.126,"As the worst winter in living memory hits, the team must care for their patients during the big freeze.‚Ä¶ https://t.co/zBwtdS3f7d",63.0,@BBC
0.4588,0.0,0.85,0.15,"From Iceland's 13 trolls &amp; man-eating cat to Catalonia's big nativity tradition, here are 7 quirky festive traditio‚Ä¶ https://t.co/wl4ssvAN42",64.0,@BBC
0.0,0.0,1.0,0.0,"Tonight, six stars of @BBCStrictly past return to the ballroom to compete for the #Strictly Christmas trophy. 6:30p‚Ä¶ https://t.co/Csu9Nhljvj",65.0,@BBC
0.7579,0.0,0.711,0.289,"RT @bbcstories: This Christmas Day, meet the amazing family travelling to Calais to help those in need. https://t.co/rDk9BSCrs1",66.0,@BBC
0.4019,0.0,0.828,0.172,"RT @BBCOne: Have yourself a very Mammy Christmas. 

#MrsBrownsBoys Christmas Special. Christmas Day. 10pm. https://t.co/JwYoBs6nhd",67.0,@BBC
0.0,0.0,1.0,0.0,RT @bbcrb: We all ‚ù§Ô∏è #DrWho - but not as much as this guy! https://t.co/2n9SUQ8Rrg,68.0,@BBC
0.872,0.0,0.233,0.767,Merry Christmas sweetie darlings üíãüéÅ https://t.co/JFn75lWTMS,69.0,@BBC
0.7901,0.0,0.68,0.32,"Eddie Redmayne and his newt Amanda love stories and they want to share one with you! üí§üìñ 

#CBeebiesBedtimeStory | 6‚Ä¶ https://t.co/vPfQndtZOD",70.0,@BBC
0.0,0.0,1.0,0.0,"The Twelth Doctor must face his past to decide his future. 

#DoctorWho | 5:30pm | @BBCOne ‚ùÑÔ∏è‚Ä¶ https://t.co/ew7fXnObf0",71.0,@BBC
0.0,0.0,1.0,0.0,RT @BBCNews: Christmas campaign raises ¬£4m for homeless in Scotland https://t.co/7frXpJ5SZK,72.0,@BBC
0.0,0.0,1.0,0.0,"Based on Julia Donaldson's much-loved children's book, #TheHighwayRat tells the tale of a ravenous rat in search of‚Ä¶ https://t.co/zLlLCUbzSA",73.0,@BBC
-0.5423,0.285,0.588,0.127,"RT @BBCNews: #QueensSpeech hails ""powerful identities"" of London and Manchester after 2017 terror attacks 

https://t.co/TQs8pFQYD7 https:/‚Ä¶",74.0,@BBC
-0.3182,0.084,0.916,0.0,"RT @bbcthree: ""Think about the things you did get to do with them""

Young people on who they lost and how they'll remember them at Christma‚Ä¶",75.0,@BBC
0.4019,0.0,0.903,0.097,RT @BBCOne: Never in his wildest dreams did this man think he'd be waking up to Ainsley Harriott feeding him pigs in blankets in Michael Mc‚Ä¶,76.0,@BBC
0.0,0.0,1.0,0.0,"Not everyone looks forward to Christmas. üíî

Via @BBCSouthNews https://t.co/mxZ6Tmvay8",77.0,@BBC
0.0,0.0,1.0,0.0,Watch HM Queen Elizabeth II deliver her annual address in the Christmas message to the nation and the Commonwealth.‚Ä¶ https://t.co/QWv788eKY6,78.0,@BBC
0.0,0.0,1.0,0.0,Trying to move after Christmas lunch like... üê° https://t.co/8gRUm0phyj,79.0,@BBC
0.0,0.0,1.0,0.0,The definitive eyebrow trend of 2017? üéÑ https://t.co/mpvW6JdxwR https://t.co/f2cA0a8DQK,80.0,@BBC
0.2023,0.0,0.924,0.076,üéÑüì∫ What makes a top rated Christmas Day TV show? Take a look back at more than 60 years of BBC programmes that topp‚Ä¶ https://t.co/N1nxxQUnut,81.0,@BBC
0.0,0.0,1.0,0.0,Meghan Markle joins royals for Christmas service. üéÑ¬†https://t.co/jjJAy263U2 https://t.co/cbvLXtfC8m,82.0,@BBC
-0.25,0.154,0.846,0.0,"Cancel Christmas... üôÖüéÑ

This guy made a candy cane pizza and... ü§¢ https://t.co/adDVuP2nFG https://t.co/kbmPDFSgoF",83.0,@BBC
0.4588,0.0,0.765,0.235,"üòÇ Top 3 Christmas films: 

üëâ The Muppets Christmas Carol
üëâ Muppet Treasure Island
üëâ Muppets from Space

Via‚Ä¶ https://t.co/LPj82MI1WY",84.0,@BBC
0.7424,0.0,0.687,0.313,"RT @BBCOne: Join @Fearnecotton¬†and @claraamfo¬†for a festive Top of the Pops Christmas! With performances from @DUALIPA, @edsheeran, @RitaOr‚Ä¶",85.0,@BBC
0.0,0.0,1.0,0.0,"RT @BBCOne: It's Christmaaaassssss! üéÑüéÅ 

Here's some @BBCOne #ChristmasDay highlights to tuck into alongside your mince pies. https://t.co/‚Ä¶",86.0,@BBC
0.702,0.0,0.744,0.256,"RT @BBCSpringwatch: A VERY Merry Christmas from Michaela, Chris and everyone on the Winterwatch team! üéÑ https://t.co/oxVxeOuA0u",87.0,@BBC
0.3182,0.0,0.901,0.099,"Q. How do you find Will Smith in the snow? 

A. Look for the fresh prints.
~ @SusanCalman üòÇ

A selection of some of‚Ä¶ https://t.co/99TlhkzNEF",88.0,@BBC
0.0,0.0,1.0,0.0,"RT @1Xtra: Add a little kuruption to your Christmas day! The @KuruptFM crew are taking over from 4PM, get locked in (but maybe don't invite‚Ä¶",89.0,@BBC
-0.4215,0.177,0.823,0.0,The first Scrooge: How the world‚Äôs best-known miser was brought to life. https://t.co/ntxCOXAVgz https://t.co/GbnKiX9n3d,90.0,@BBC
0.34,0.0,0.862,0.138,"98-year-old Mary is about to star in her first ever nativity play. ‚ù§Ô∏è
Via @BBCLookNorth. https://t.co/64le1kLdvz",91.0,@BBC
-0.2263,0.137,0.863,0.0,Tangled tinsel and wonky trees: The UK's dodgy Christmas displays üéÅüòÇ https://t.co/ALhLHLtGMO https://t.co/xAJkEcWfdo,92.0,@BBC
0.5093,0.0,0.852,0.148,Can you figure out which of these christmassy creatures are real? Have a go at @CBBC's festive fish quiz! üê†üéÑüê°üéÖ‚Ä¶ https://t.co/RTxcKzBMLN,93.0,@BBC
0.765,0.0,0.769,0.231,RT @bbccomedy: Dame Julie Walters on working with Victoria Wood and all the great British comedy legends who wanted to be in her sketches.‚Ä¶,94.0,@BBC
0.0,0.0,1.0,0.0,RT @BBCSpringwatch: When the kids wake you up at 6am to open presents... https://t.co/bHJ71lAg5U,95.0,@BBC
0.0,0.0,1.0,0.0,"Mince pie. Pudding. Trifle. Repeat. üòã

And so it begins... https://t.co/cc01dOcpMo",96.0,@BBC
0.0,0.0,1.0,0.0,Where did the Deathly Hallows symbol come from? ‚ú® üìñ Harry Potter: A History of Magic. Today at 10am on @BBCTwo. https://t.co/RWAdCoJVUC,97.0,@BBC
0.5848,0.0,0.787,0.213,"üéÑüéÅüéÖ Merry Christmas! 

Start your day right... with a video of a baby turtle tackling a sprout. ‚ù§Ô∏èÔ∏èüê¢https://t.co/TPjDwBNj8B",98.0,@BBC
-0.5423,0.2,0.8,0.0,"Toasters: sworn enemy of the pet cat. 

#Doodlebugs is now available on @BBCiPlayer: https://t.co/5Yg5NYbjiO https://t.co/wAi6tUDMvy",99.0,@BBC
-0.3182,0.091,0.909,0.0,Will you struggle to nod off knowing that Santa's on his way? Here are 7 tips from the Tudors on how to have a good‚Ä¶ https://t.co/aqJ1Kp5QlL,100.0,@BBC
0.5255,0.0,0.805,0.195,RT @OnYourFeetBway: The #rhythmisgonnagetyou...TONIGHT! The cast of @onyourfeetbway performs a tribute to Kennedy Center honoree @GloriaEst‚Ä¶,1.0,@CBSTweet
0.9256,0.0,0.591,0.409,RT @llcoolj: Tonight #HIPHOP makes history!!! I‚Äôm grateful &amp; honored to be inducted with this amazing class!! This one is #FORTHECULTURE!!!‚Ä¶,2.0,@CBSTweet
0.0,0.0,1.0,0.0,RT @llcoolj: #HIPHOP MAKES HISTORY TONIGHT!!! https://t.co/Rme93hSnDo,3.0,@CBSTweet
-0.2244,0.24,0.76,0.0,RT @TheNormanLear: Don‚Äôt miss this tonight! https://t.co/18yIFaGu6k,4.0,@CBSTweet
0.8433,0.063,0.554,0.383,RT @GloriaEstefan: Don‚Äôt miss it tonight on @CBSTweet at 8/9c the @kencen honors!!! Hope everyone‚Äôs holidays have‚Ä¶ https://t.co/ejU2Fj7BFT,5.0,@CBSTweet
0.5954,0.0,0.856,0.144,"RT @kencen: Our 40th Annual #KCHonors airs tonight at 9/8c on @CBSTweet! 

Look back on a moment from our very first Honors in 1978: Isaac‚Ä¶",6.0,@CBSTweet
0.0,0.0,1.0,0.0,RT @llcoolj: Dec 26th. Hip hop makes history . https://t.co/nMMNbeSVmn,7.0,@CBSTweet
-0.2263,0.101,0.899,0.0,"Due to NFL overrun #CBS is delayed 36mins in Charlotte/NC, Cincinnati/OH, Nashville, Atlanta, New Orleans, Baton Ro‚Ä¶ https://t.co/unF1wB2kzC",8.0,@CBSTweet
0.0,0.0,1.0,0.0,"RT @CBS: Rapper @BustaRhymes pays tribute to @LLCoolJ, performing his hit song ""Mama Said Knock You Out"" at The 40th Annual Kennedy Center‚Ä¶",9.0,@CBSTweet
0.0,0.0,1.0,0.0,RT @MacGyverCBS: ‚ùÑÔ∏è  #HappyHolidays from all of us at #MacGyver! ‚ùÑÔ∏è https://t.co/sJmHZgfuCS,10.0,@CBSTweet
0.6597,0.0,0.748,0.252,"RT @SaraRamirez: You want to be ready when @MadamSecretary returns on Jan 7. Catch up on #SeasonFour during the
Holidays at https://t.co/Fp‚Ä¶",11.0,@CBSTweet
-0.0258,0.209,0.588,0.203,RT @thedailybeast: How Stephen Colbert used Trump to win the late-night war: https://t.co/r93BKbodkc,12.0,@CBSTweet
0.128,0.0,0.897,0.103,RT @TVLine: #NCIS Exclusive: How Cozy Will Bishop/Torres Get While Undercover? ‚Äî #2018FirstLook https://t.co/src53p0Xfa https://t.co/VLLhNX‚Ä¶,13.0,@CBSTweet
0.0,0.0,1.0,0.0,RT @survivorcbs: Get a firsthand look at the Survivors' reactions to the finale episodes as they watched from backstage! #Survivor https://‚Ä¶,14.0,@CBSTweet
0.5994,0.0,0.794,0.206,Congratulations to @elonmusk on the #SpaceX Falcon 9 rocket launch from his fans at #YoungSheldon and‚Ä¶ https://t.co/XHgNNuz1NP,15.0,@CBSTweet
0.6696,0.0,0.781,0.219,Catch 2 newly colorized #DickVanDyke eps chosen by @carlreiner as 2 of #MaryTylerMoore‚Äôs best! Tonight 9/8c on #CBS https://t.co/U2J8ShqZ1z,16.0,@CBSTweet
0.8622,0.076,0.552,0.372,No need to ‚Äòsplain why we still love Lucy! Celebrate the holidays with 2 colorized #ILoveLucy tonight starting at 8‚Ä¶ https://t.co/vYNTObEpRJ,17.0,@CBSTweet
0.8622,0.0,0.676,0.324,"RT @CBS: Tonight, ring in the holidays with two back-to-back episodes of a timeless comedy classic, now in color! Watch the I Love Lucy Chr‚Ä¶",18.0,@CBSTweet
-0.5106,0.18,0.82,0.0,"RT @CBSSportsGang: Sean McManus, Chairman, CBS Sports, on the passing of legendary broadcaster Dick Enberg https://t.co/rPckzAcaX3",19.0,@CBSTweet
0.25,0.0,0.895,0.105,RT @TVGuide: Hondo's team loosens up for a chance to meet Beyonc√© in this #SWAT sneak peek https://t.co/f2T6V7FWoC https://t.co/pFmhd4mFMu,20.0,@CBSTweet
0.5255,0.0,0.805,0.195,RT @OnYourFeetBway: The #rhythmisgonnagetyou...TONIGHT! The cast of @onyourfeetbway performs a tribute to Kennedy Center honoree @GloriaEst‚Ä¶,21.0,@CBSTweet
0.9256,0.0,0.591,0.409,RT @llcoolj: Tonight #HIPHOP makes history!!! I‚Äôm grateful &amp; honored to be inducted with this amazing class!! This one is #FORTHECULTURE!!!‚Ä¶,22.0,@CBSTweet
0.0,0.0,1.0,0.0,RT @llcoolj: #HIPHOP MAKES HISTORY TONIGHT!!! https://t.co/Rme93hSnDo,23.0,@CBSTweet
-0.2244,0.24,0.76,0.0,RT @TheNormanLear: Don‚Äôt miss this tonight! https://t.co/18yIFaGu6k,24.0,@CBSTweet
0.8433,0.063,0.554,0.383,RT @GloriaEstefan: Don‚Äôt miss it tonight on @CBSTweet at 8/9c the @kencen honors!!! Hope everyone‚Äôs holidays have‚Ä¶ https://t.co/ejU2Fj7BFT,25.0,@CBSTweet
0.5954,0.0,0.856,0.144,"RT @kencen: Our 40th Annual #KCHonors airs tonight at 9/8c on @CBSTweet! 

Look back on a moment from our very first Honors in 1978: Isaac‚Ä¶",26.0,@CBSTweet
0.0,0.0,1.0,0.0,RT @llcoolj: Dec 26th. Hip hop makes history . https://t.co/nMMNbeSVmn,27.0,@CBSTweet
-0.2263,0.101,0.899,0.0,"Due to NFL overrun #CBS is delayed 36mins in Charlotte/NC, Cincinnati/OH, Nashville, Atlanta, New Orleans, Baton Ro‚Ä¶ https://t.co/unF1wB2kzC",28.0,@CBSTweet
0.0,0.0,1.0,0.0,"RT @CBS: Rapper @BustaRhymes pays tribute to @LLCoolJ, performing his hit song ""Mama Said Knock You Out"" at The 40th Annual Kennedy Center‚Ä¶",29.0,@CBSTweet
0.0,0.0,1.0,0.0,RT @MacGyverCBS: ‚ùÑÔ∏è  #HappyHolidays from all of us at #MacGyver! ‚ùÑÔ∏è https://t.co/sJmHZgfuCS,30.0,@CBSTweet
0.6597,0.0,0.748,0.252,"RT @SaraRamirez: You want to be ready when @MadamSecretary returns on Jan 7. Catch up on #SeasonFour during the
Holidays at https://t.co/Fp‚Ä¶",31.0,@CBSTweet
-0.0258,0.209,0.588,0.203,RT @thedailybeast: How Stephen Colbert used Trump to win the late-night war: https://t.co/r93BKbodkc,32.0,@CBSTweet
0.128,0.0,0.897,0.103,RT @TVLine: #NCIS Exclusive: How Cozy Will Bishop/Torres Get While Undercover? ‚Äî #2018FirstLook https://t.co/src53p0Xfa https://t.co/VLLhNX‚Ä¶,33.0,@CBSTweet
0.0,0.0,1.0,0.0,RT @survivorcbs: Get a firsthand look at the Survivors' reactions to the finale episodes as they watched from backstage! #Survivor https://‚Ä¶,34.0,@CBSTweet
0.5994,0.0,0.794,0.206,Congratulations to @elonmusk on the #SpaceX Falcon 9 rocket launch from his fans at #YoungSheldon and‚Ä¶ https://t.co/XHgNNuz1NP,35.0,@CBSTweet
0.6696,0.0,0.781,0.219,Catch 2 newly colorized #DickVanDyke eps chosen by @carlreiner as 2 of #MaryTylerMoore‚Äôs best! Tonight 9/8c on #CBS https://t.co/U2J8ShqZ1z,36.0,@CBSTweet
0.8622,0.076,0.552,0.372,No need to ‚Äòsplain why we still love Lucy! Celebrate the holidays with 2 colorized #ILoveLucy tonight starting at 8‚Ä¶ https://t.co/vYNTObEpRJ,37.0,@CBSTweet
0.8622,0.0,0.676,0.324,"RT @CBS: Tonight, ring in the holidays with two back-to-back episodes of a timeless comedy classic, now in color! Watch the I Love Lucy Chr‚Ä¶",38.0,@CBSTweet
-0.5106,0.18,0.82,0.0,"RT @CBSSportsGang: Sean McManus, Chairman, CBS Sports, on the passing of legendary broadcaster Dick Enberg https://t.co/rPckzAcaX3",39.0,@CBSTweet
0.25,0.0,0.895,0.105,RT @TVGuide: Hondo's team loosens up for a chance to meet Beyonc√© in this #SWAT sneak peek https://t.co/f2T6V7FWoC https://t.co/pFmhd4mFMu,40.0,@CBSTweet
-0.6103,0.266,0.734,0.0,Thief! Who robbed Christy &amp; Bonnie at Christmas? #Mom tonight 9/8c! https://t.co/RvwQNQZMyj,41.0,@CBSTweet
0.0,0.0,1.0,0.0,Each member of Short family experiences Christmas in their own unique way on #LifeInPieces tonight 9:30/8:30c! https://t.co/Jvfj0oytQA,42.0,@CBSTweet
-0.8271,0.352,0.648,0.0,Sheldon is forced to tutor Georgie when poor grades threaten his brother‚Äôs future on the football team üèà‚Ä¶ https://t.co/hBMAOzPxkq,43.0,@CBSTweet
-0.508,0.162,0.838,0.0,RT @extratv: .@swatcbs sneak peek! @shemarmoore's Hondo and the team run into some unexpected trouble! Watch: https://t.co/LPU5ZdAtK2 https‚Ä¶,44.0,@CBSTweet
0.0,0.0,1.0,0.0,"RT @TVGuide: Peter Facinelli's arrival on #SWAT will ""complicate"" things for Hondo and Jessica https://t.co/288RZ13Wvi https://t.co/JOtKssD‚Ä¶",45.0,@CBSTweet
0.4939,0.0,0.833,0.167,"RT @CBSThisMorning: .@GloriaEstefan is the first Cuban-American to receive a Kennedy Center Honor. The singer, songwriter and entrepreneur‚Ä¶",46.0,@CBSTweet
0.0,0.0,1.0,0.0,RT @peopletv: https://t.co/wpNT4o26eG,47.0,@CBSTweet
0.5106,0.0,0.837,0.163,"#CBSRatingsNews: #Survivor season finale tops Wednesday in viewers and key demos, matching year ago Fall and Spring‚Ä¶ https://t.co/TJLax5pQyj",48.0,@CBSTweet
-0.6249,0.17,0.83,0.0,"RT @survivorcbs: Preview the next season, #SurvivorGhostIsland, where some of the worst decisions made on #Survivor will come back to haunt‚Ä¶",49.0,@CBSTweet
0.0,0.0,1.0,0.0,"RT @survivorcbs: To learn more about PTSD, go to: https://t.co/F8KVbAgPDo #Survivor",50.0,@CBSTweet
0.0,0.0,1.0,0.0,RT @survivorcbs: P.S. Look who's here: Dan Bakkedahl from @LifeInPiecesCBS! #Survivor https://t.co/HRvqMOlGxw,51.0,@CBSTweet
0.6124,0.0,0.615,0.385,RT @survivorcbs: Diving towards immunity AND reward like‚Ä¶ #Survivor https://t.co/gcIeZdPnDx,52.0,@CBSTweet
0.3802,0.0,0.861,0.139,Check out the @survivorcbs Instagram story! @jeffprobst and the #Survivor castaways are answering some fan question‚Ä¶ https://t.co/VCMQyLnyqp,53.0,@CBSTweet
0.6808,0.0,0.616,0.384,RT @DaltonRoss: Raise your hand if you‚Äôre excited for #SurvivorFinaleDay. https://t.co/i3DuCQs4fS,54.0,@CBSTweet
0.4389,0.091,0.736,0.173,RT @YandR_CBS: Christmas is just around the corner! Celebrate with @GinaTognoni on The Young and the Restless. #YR https://t.co/Bzb1AK6Dl8,55.0,@CBSTweet
0.8777,0.0,0.598,0.402,RT @SWATWritersRoom: Merry Christmas and Happy Holidays from @SWATWritersRoom! Filmed at our final Table Read of 2017. https://t.co/kW4A85E‚Ä¶,56.0,@CBSTweet
0.4574,0.0,0.85,0.15,"RT @etnow: .@NancyODell, @KevinFrazier and @KeltieKnight will host the GRAMMY Red Carpet Live special on @CBS! https://t.co/D6q7qgb6CN http‚Ä¶",57.0,@CBSTweet
0.4667,0.0,0.763,0.237,"Don't miss A Home for the Holidays with @JoshGroban, featuring performances by @Kelly_Clarkson, @KaceyMusgraves and‚Ä¶ https://t.co/gbhyqgyUB8",58.0,@CBSTweet
0.5719,0.0,0.837,0.163,#CBSRatingsNews: #CBS Wins The Week In Viewers Led By Its Most-Watched Sunday Of The Season. NFL Prime Runover Deli‚Ä¶ https://t.co/mBV1Vpby5q,59.0,@CBSTweet
0.0,0.0,1.0,0.0,#CBSRatingsNews: @letsmakeadeal and @PriceIsRight deliver most viewers since early spring. #LMAD delivered 3.14 mil‚Ä¶ https://t.co/QjOsr5qmZU,60.0,@CBSTweet
0.6369,0.0,0.769,0.231,"#CBSRatingsNews: @ColbertLateShow Scores Best Weekly Audience Since Show‚Äôs Premiere In Sept.  2015, averaging 3.38M‚Ä¶ https://t.co/6ExJYKlW9F",61.0,@CBSTweet
0.7964,0.0,0.651,0.349,"RT @LifeInPiecesCBS: The holiday spirit is alive, well, and wildly different for each member of the Short family in Thursday's #LifeInPiece‚Ä¶",62.0,@CBSTweet
0.8625,0.0,0.61,0.39,"RT @TheTalkCBS: üéº EAST COAST üé∂ Our music-filled-week continues w/ a heartfelt performance from @AnnieLennox and our good friend, the talent‚Ä¶",63.0,@CBSTweet
0.5106,0.0,0.677,0.323,RT @extratv: .@kelly_clarkson &amp; @joshgroban talk emotional #AHomeForTheHolidays special: https://t.co/ZfsCsRxU2F https://t.co/baYr1bNCl5,64.0,@CBSTweet
0.8519,0.0,0.683,0.317,"RT @kelly_clarkson: Celebrate the season and watch A Home for the Holidays, Tuesday at 8pm on CBS, and post or tweet your favorite moments‚Ä¶",65.0,@CBSTweet
0.4404,0.0,0.884,0.116,"RT @CBSWatch: Kick back and relax with this first look of our #CBSWatch photoshoot with #Bull star @ChrisisSingin. 

See more of Chris befo‚Ä¶",66.0,@CBSTweet
0.0,0.0,1.0,0.0,#MadamSecretary creator Barbara Hall says #ElizabethMcCord will consider running for president. Via @EW: https://t.co/Dul2wShF88,67.0,@CBSTweet
0.0,0.0,1.0,0.0,RT @DaltonRoss: Updated #Survivor season rankings in gallery form! https://t.co/UtT5pxLVeb,68.0,@CBSTweet
0.2023,0.0,0.893,0.107,RT @EW: We ranked all 35 seasons of #Survivor. See which came out on top: https://t.co/DUS8uass9p,69.0,@CBSTweet
0.8777,0.0,0.448,0.552,RT @CrimMinds_CBS: ‚ùÑÔ∏è The BAU wishes you safe and happy holidays! ‚ùÑÔ∏è https://t.co/sfviSdKqMO,70.0,@CBSTweet
0.5719,0.0,0.829,0.171,"RT @CBS: In one week, celebrate a night of legends when @LionelRichie, @GloriaEstefan, Carmen de Lavallade (@CarmenDances), @LLCoolJ &amp; @The‚Ä¶",71.0,@CBSTweet
0.4278,0.08,0.749,0.171,Don‚Äôt miss #CBS RED CARPET LIVE SPECIAL with @nancyodell @KevinFrazier  &amp; @keltieknight on #CBS 1/28 #GRAMMYs‚Ä¶ https://t.co/65pMkZsXxI,72.0,@CBSTweet
0.7345,0.0,0.764,0.236,RT @SaraRamirez: At @MadamSecretary this morning with the fabulous @patinamiller! We're acting like it's 10pm in the show when in reality w‚Ä¶,73.0,@CBSTweet
0.7644,0.0,0.548,0.452,RT @YoungSheldon: 'Tis the season! Happy holidays from #YoungSheldon. https://t.co/d01mbsApFL,74.0,@CBSTweet
0.0,0.0,1.0,0.0,"RT @colbertlateshow: TONIGHT: We‚Äôre taking a trip down memory (or nightmare) lane, and going back to Inauguration Day on tonight‚Äôs encore #‚Ä¶",75.0,@CBSTweet
0.4215,0.0,0.882,0.118,RT @Showtime: Follow the tru-ish misadventures of the 45th President of the United States in a new parody series from @StephenAtHome and @C‚Ä¶,76.0,@CBSTweet
-0.636,0.181,0.819,0.0,"Walter is near death, Ray is his ‚Äòguardian angel‚Äô &amp; #TeamScorpion doesn‚Äôt know each other! We need a #Christmas mir‚Ä¶ https://t.co/jFFm8IXs19",77.0,@CBSTweet
0.5859,0.0,0.758,0.242,"On Tonight's  new #9JKL, #FredWillard and #ChristinaPickles guest star as Harry and Judy's competitive friends. Don‚Ä¶ https://t.co/dl04G17kH6",78.0,@CBSTweet
0.0,0.0,1.0,0.0,RT @jermaineFOWLER: A brand new episode of #SuperiorDonuts will be premiering on CBS in 2 minutes!!! https://t.co/Rbxvhervej,79.0,@CBSTweet
0.0,0.093,0.815,0.093,RT @MattMurray28: Thank you to #kcal9news for having me this morning to talk a bunch of mess and about the new episode tonight for @9jklcbs‚Ä¶,80.0,@CBSTweet
0.4019,0.0,0.881,0.119,"When Arthur decides to face off against Fawz in a local election, can his campaign manager Franco help his boss bri‚Ä¶ https://t.co/JEioIyslMI",81.0,@CBSTweet
0.6239,0.0,0.774,0.226,Will Adam and Andi win over their neighbors @SherriEShepherd and #TimMeadows? #ManWithAPlan Tonight 8:30/7:30c! https://t.co/G76zOyNu37,82.0,@CBSTweet
0.0,0.0,1.0,0.0,"While gathered around the Christmas tree, Vanessa &amp; Kevin reminisce about their 1st night on patrol together!‚Ä¶ https://t.co/dXkuZfwPBQ",83.0,@CBSTweet
0.4574,0.0,0.857,0.143,"RT @LifeInPiecesCBS: In Thursday's all-new #LifeInPieces, the Shorts experience a series of holiday mishaps... Twelve, to be exact! Tell us‚Ä¶",84.0,@CBSTweet
0.7346,0.0,0.721,0.279,.@LLCoolJ to host new LIVE 1-hour interactive talent show ‚ÄúMVP: Most Valuable Performer‚Äù featuring current pro foot‚Ä¶ https://t.co/fPxYCpPv3T,85.0,@CBSTweet
0.0,0.0,1.0,0.0,"RT @SEALTeamCBS: From wardrobe to equipment cages to a wall of veteran dedication, @tonitrucks and #JessicaPar√© take you behind the scenes‚Ä¶",86.0,@CBSTweet
0.0,0.0,1.0,0.0,"RT @CBSSportsGang: CBS Sports National Game coverage scores highest rating of 2017 NFL Season on any network, highlighted by @Patriots win‚Ä¶",87.0,@CBSTweet
-0.2263,0.095,0.905,0.0,"ATTN ET &amp; CT viewers - due to a football overrun #CBS is delayed 8 mins. New start times:
#60Minutes 7:38ET/6:38CT‚Ä¶ https://t.co/x84rZphACP",88.0,@CBSTweet
0.0,0.0,1.0,0.0,RT @NCISLA: 'Tis the season to watch #NCISLA! Tune in tonight on CBS and CBS All Access: https://t.co/AQmeXrVr1S https://t.co/Lgn8Yn4QVR,89.0,@CBSTweet
0.8629,0.039,0.612,0.349,"RT @CBS: This Friday, you won't want to miss this priceless treasure when the I Love Lucy Christmas Special airs at 8/7c on CBS! https://t.‚Ä¶",90.0,@CBSTweet
0.743,0.0,0.64,0.36,RT @TVLine: Is the @NCISLA Team Ready to Rescue Hetty? ‚Äî Exclusive 2018 FIRST¬†LOOK https://t.co/4Nsik18oBG https://t.co/fqhIZv0ybP,91.0,@CBSTweet
0.7906,0.0,0.72,0.28,#CBSRatingsNews: #H50 tops Friday in viewers and A18-49. #CBS wins the night in viewers and key demos. #LSSC scores‚Ä¶ https://t.co/BSuaKOY8CS,92.0,@CBSTweet
0.5256,0.0,0.805,0.195,RT @franklinavenue: Primetime‚Äôs Most Valuable Player @David_Boreanaz Has Another Hit With #SEALTeam ‚Äî Ratings Watch https://t.co/PQ8tb3vyPR‚Ä¶,93.0,@CBSTweet
-0.1531,0.19,0.652,0.158,"RT @MacGyverCBS: Through the good and the bad, family sticks together ‚ù§Ô∏è #MacGyver https://t.co/h7tV8B8J0S",94.0,@CBSTweet
-0.7506,0.308,0.6,0.092,The team‚Äôs Christmas celebration is halted when Mac is arrested for terrorism. #BruceMcGill from the original serie‚Ä¶ https://t.co/YPVrmZvX5x,95.0,@CBSTweet
0.4184,0.059,0.815,0.125,"#H50 fans, you can‚Äôt miss this episode! See McG &amp; Danno as old men! Grace &amp; Will‚Äôs wedding? Plus, WHO will take ove‚Ä¶ https://t.co/Xj7p0Cgs8Q",96.0,@CBSTweet
0.6155,0.0,0.809,0.191,FA LA LA! ‚ùÑÔ∏èIt's a FAB FRIDAY on #TheTalk w/ @HereIsGina dishing on directing @CWJaneTheVirgin &amp; new film‚Ä¶ https://t.co/wEwai5WegQ,97.0,@CBSTweet
0.1326,0.0,0.895,0.105,"RT @justjaredjr: If you're not obsessed with #YoungSheldon star @OfficialRaeganR, you will be

https://t.co/68yfc99Px1",98.0,@CBSTweet
0.6114,0.0,0.826,0.174,RT @KevinCanWaitCBS: Celebrate #FlashbackFriday with a throwback to Kevin and Vanessa's early days together!  See more of their first job a‚Ä¶,99.0,@CBSTweet
0.5106,0.0,0.829,0.171,#CBSRatingsNews: #BigBangTheory tops Thursday in viewers and Key Demos. #YoungSheldon is 1st at 8:30 in A18-49.‚Ä¶ https://t.co/uhAVRN1Xsd,100.0,@CBSTweet
-0.7717,0.309,0.691,0.0,Three US cities sue @DeptofDefense for allegedly failing to report servicemembers' criminal convictions to the @FBI‚Ä¶ https://t.co/IeBzL2YqDF,1.0,@FoxNews
0.0,0.0,1.0,0.0,"Part of historic Magnolia tree planted by President Andrew Jackson to be removed, @WhiteHouse says https://t.co/oQd5RLIhYs",2.0,@FoxNews
0.3818,0.0,0.852,0.148,".@JonathanTurley on #Trump-Russia investigation: ""Many people in Washington hoped that they would have stockings fi‚Ä¶ https://t.co/PPeqD559ag",3.0,@FoxNews
-0.6908,0.32,0.68,0.0,".@POTUS predicts mandate repeal will kill ObamaCare, spur replacement plan https://t.co/Vcms4T5ncL",4.0,@FoxNews
0.0,0.0,1.0,0.0,'The Office's' Jenna Fischer blasted over incorrect GOP tax bill tweet https://t.co/2ulVAPUczM,5.0,@FoxNews
-0.4404,0.225,0.775,0.0,"North Korean defector had anthrax antibodies in system, report says https://t.co/fKV0lS7fvS",6.0,@FoxNews
-0.4404,0.281,0.719,0.0,.@POTUS administration ends 2017 confronting Russia after year of collusion accusations https://t.co/0CohTPOswr,7.0,@FoxNews
0.3182,0.0,0.813,0.187,Maryland police officer rescues bald eagle on Christmas Eve https://t.co/kOq0HKUFHE https://t.co/RJxRR31yYG,8.0,@FoxNews
0.0,0.0,1.0,0.0,"Fetuses found in Detroit warehouse owned by body broker, report says https://t.co/SCwgJBpAZe",9.0,@FoxNews
0.34,0.0,0.821,0.179,Dustin Diamond stars as Harvey Weinstein in graphic new music video https://t.co/a6B3pPfWtE,10.0,@FoxNews
0.4939,0.0,0.789,0.211,Lt. Col. Peters: North Korea's Nuke Program Their All-In 'Hand of Poker' https://t.co/msasGMJhas,11.0,@FoxNews
-0.4019,0.182,0.711,0.107,".@dbongino on college campus violence &amp; liberals thinking ""words are violence"": ""They think by engaging in violence‚Ä¶ https://t.co/R8XiT0UJBm",12.0,@FoxNews
0.0,0.0,1.0,0.0,".@MarkSteynOnline: If a President Were to Hold UN Accountable, 'Trump's the Guy Who Would' https://t.co/k5KHS7jGHH",13.0,@FoxNews
-0.3818,0.191,0.809,0.0,WATCH: @MLB Rookie Shocks Parents By Paying Off Mortgage for Christmas https://t.co/PdWOwzd72E,14.0,@FoxNews
-0.872,0.548,0.452,0.0,Kentucky man charged with harboring a vicious animal after fatal pit bull attack https://t.co/fg28T7QGpt,15.0,@FoxNews
-0.0772,0.158,0.702,0.14,".@Disney resorts add new security policy, removes 'Do Not Disturb' signs from rooms https://t.co/AHWhiGoqoK",16.0,@FoxNews
0.0,0.0,1.0,0.0,Opinion: Here's a New Year's resolution that can change your life (via @FoxNewsOpinion) https://t.co/PVl8lQevlz,17.0,@FoxNews
0.4939,0.0,0.833,0.167,"Republican strategist @chrisprudhome: ""What is the point of individuals having health care when you can't actually‚Ä¶ https://t.co/C462wdeIjs",18.0,@FoxNews
0.0,0.0,1.0,0.0,Minnesota couple delivers Christmas Day baby on side of road https://t.co/jFZAN09jhC https://t.co/ya8LMQWVZw,19.0,@FoxNews
-0.296,0.095,0.905,0.0,".@FDD Senior Counselor John Hannah: ""There are no rules of the game in the cyber space, so as quickly as possible,‚Ä¶ https://t.co/Q0JjhziZeO",20.0,@FoxNews
-0.7717,0.309,0.691,0.0,Three US cities sue @DeptofDefense for allegedly failing to report servicemembers' criminal convictions to the @FBI‚Ä¶ https://t.co/IeBzL2YqDF,21.0,@FoxNews
0.0,0.0,1.0,0.0,"Part of historic Magnolia tree planted by President Andrew Jackson to be removed, @WhiteHouse says https://t.co/oQd5RLIhYs",22.0,@FoxNews
0.3818,0.0,0.852,0.148,".@JonathanTurley on #Trump-Russia investigation: ""Many people in Washington hoped that they would have stockings fi‚Ä¶ https://t.co/PPeqD559ag",23.0,@FoxNews
-0.6908,0.32,0.68,0.0,".@POTUS predicts mandate repeal will kill ObamaCare, spur replacement plan https://t.co/Vcms4T5ncL",24.0,@FoxNews
0.0,0.0,1.0,0.0,'The Office's' Jenna Fischer blasted over incorrect GOP tax bill tweet https://t.co/2ulVAPUczM,25.0,@FoxNews
-0.4404,0.225,0.775,0.0,"North Korean defector had anthrax antibodies in system, report says https://t.co/fKV0lS7fvS",26.0,@FoxNews
-0.4404,0.281,0.719,0.0,.@POTUS administration ends 2017 confronting Russia after year of collusion accusations https://t.co/0CohTPOswr,27.0,@FoxNews
0.3182,0.0,0.813,0.187,Maryland police officer rescues bald eagle on Christmas Eve https://t.co/kOq0HKUFHE https://t.co/RJxRR31yYG,28.0,@FoxNews
0.0,0.0,1.0,0.0,"Fetuses found in Detroit warehouse owned by body broker, report says https://t.co/SCwgJBpAZe",29.0,@FoxNews
0.34,0.0,0.821,0.179,Dustin Diamond stars as Harvey Weinstein in graphic new music video https://t.co/a6B3pPfWtE,30.0,@FoxNews
0.4939,0.0,0.789,0.211,Lt. Col. Peters: North Korea's Nuke Program Their All-In 'Hand of Poker' https://t.co/msasGMJhas,31.0,@FoxNews
-0.4019,0.182,0.711,0.107,".@dbongino on college campus violence &amp; liberals thinking ""words are violence"": ""They think by engaging in violence‚Ä¶ https://t.co/R8XiT0UJBm",32.0,@FoxNews
0.0,0.0,1.0,0.0,".@MarkSteynOnline: If a President Were to Hold UN Accountable, 'Trump's the Guy Who Would' https://t.co/k5KHS7jGHH",33.0,@FoxNews
-0.3818,0.191,0.809,0.0,WATCH: @MLB Rookie Shocks Parents By Paying Off Mortgage for Christmas https://t.co/PdWOwzd72E,34.0,@FoxNews
-0.872,0.548,0.452,0.0,Kentucky man charged with harboring a vicious animal after fatal pit bull attack https://t.co/fg28T7QGpt,35.0,@FoxNews
-0.0772,0.158,0.702,0.14,".@Disney resorts add new security policy, removes 'Do Not Disturb' signs from rooms https://t.co/AHWhiGoqoK",36.0,@FoxNews
0.0,0.0,1.0,0.0,Opinion: Here's a New Year's resolution that can change your life (via @FoxNewsOpinion) https://t.co/PVl8lQevlz,37.0,@FoxNews
0.4939,0.0,0.833,0.167,"Republican strategist @chrisprudhome: ""What is the point of individuals having health care when you can't actually‚Ä¶ https://t.co/C462wdeIjs",38.0,@FoxNews
0.0,0.0,1.0,0.0,Minnesota couple delivers Christmas Day baby on side of road https://t.co/jFZAN09jhC https://t.co/ya8LMQWVZw,39.0,@FoxNews
-0.296,0.095,0.905,0.0,".@FDD Senior Counselor John Hannah: ""There are no rules of the game in the cyber space, so as quickly as possible,‚Ä¶ https://t.co/Q0JjhziZeO",40.0,@FoxNews
0.0,0.0,1.0,0.0,"Erie, Pennsylvania buried under more than four feet of snow https://t.co/LjrLIeoid2",41.0,@FoxNews
0.0,0.0,1.0,0.0,"""Republicans tend to come home and...support whoever the incumbent or whoever the nominee is."" - Republican Strateg‚Ä¶ https://t.co/NgF9nbg2fr",42.0,@FoxNews
-0.6124,0.25,0.75,0.0,"Galveston, Texas considers storm surge barriers after Hurricane Harvey devastated the area. https://t.co/7gvhcjy8NM",43.0,@FoxNews
0.0,0.099,0.802,0.099,"""The inefficiency and overspending of the @UN are well known."" @Nikkihaley announces a $285M cut in the 2018-19 UN‚Ä¶ https://t.co/iXA8abj4c8",44.0,@FoxNews
-0.3818,0.178,0.822,0.0,WATCH: MLB Rookie @PavinSmith Shocks Parents By Paying Off Mortgage for Christmas https://t.co/Oa2ONJ6F4V,45.0,@FoxNews
-0.2716,0.122,0.878,0.0,"Former Federal Prosecutor Doug Burns: The Russia investigation is ""a highly charged, politically toxic situation."" https://t.co/6CkKAlVn7Y",46.0,@FoxNews
0.0,0.0,1.0,0.0,Thomas Wildfire is now the biggest in California history https://t.co/DzvGVF6aQa https://t.co/D741JnB5wS,47.0,@FoxNews
-0.5423,0.304,0.696,0.0,OPINION @TheJuanWilliams: GOP will suffer for tax giveaway https://t.co/VE4Y6hZgXp,48.0,@FoxNews
0.4939,0.0,0.833,0.167,OPINION: US funding can save millions of lives through public health programs in 2018 (via @FoxNewsOpinion) https://t.co/cAAje5nCbN,49.0,@FoxNews
-0.5267,0.159,0.841,0.0,"""In order to have diplomacy work, you do need to have a credible threat of force."" -@Georgetown Adjunct Professor‚Ä¶ https://t.co/MK9U9WO60k",50.0,@FoxNews
0.4215,0.0,0.865,0.135,".@hgurdon: Infrastructure spending ""may be an opportunity for the Democrats who are going to hammer @POTUS and the‚Ä¶ https://t.co/417Mng9sNJ",51.0,@FoxNews
0.4939,0.0,0.789,0.211,Lt. Col. Peters: North Korea's Nuke Program Their All-In 'Hand of Poker' https://t.co/vD67ytAgUf,52.0,@FoxNews
-0.3818,0.157,0.843,0.0,".@BuckSexton: ""The #Obama administration was inept...at defeating the Islamic State, and the #Trump administration'‚Ä¶ https://t.co/P2GAnujhlV",53.0,@FoxNews
-0.296,0.121,0.879,0.0,"""Donald #Trump and Republicans are now leading a crusade to undermine the credibility of the @FBI."" -‚Ä¶ https://t.co/NziLWovL7F",54.0,@FoxNews
-0.7906,0.28,0.72,0.0,".@LisaMarieBoothe on the Mueller probe: ""We are talking about a few bad actors, but we're talking about a few bad a‚Ä¶ https://t.co/rrfRarsivD",55.0,@FoxNews
0.0,0.0,1.0,0.0,Moments ago the White House released a statement from @realDonaldTrump on the first day of Kwanzaa. https://t.co/B18ZUEcczr,56.0,@FoxNews
0.0,0.0,1.0,0.0,.@dbongino: FBI 'Housecleaning Needs to Happen Right Now' https://t.co/YTA0K1gYL3,57.0,@FoxNews
-0.296,0.136,0.864,0.0,".@KatTimpf on spending cuts: ""There's nobody who's concerned about the purse strings anymore."" @OutnumberedFNC https://t.co/kPRkyiTrNh",58.0,@FoxNews
0.0,0.0,1.0,0.0,".@BuckSexton: ""Now the Republicans going into the midterms get to say, 'We do stuff. We have points on the board.'""‚Ä¶ https://t.co/VbiIpA1J3K",59.0,@FoxNews
-0.3818,0.218,0.644,0.139,Piers Morgan says viewer saved him from cancer by spotting mark on his chest https://t.co/8yOMVOWZxx,60.0,@FoxNews
-0.5875,0.256,0.744,0.0,".@ThirdWayTweet co-founder @ThirdWayKessler: If @POTUS doesn't boost his approval ratings, ""people are going to be‚Ä¶ https://t.co/5TH71Wiptf",61.0,@FoxNews
-0.4717,0.146,0.854,0.0,".@LawrenceBJones3 on @JeffFlake: ""You can't even win a primary in your own state...you think you can run for presid‚Ä¶ https://t.co/yiXRWlo5nm",62.0,@FoxNews
0.6369,0.0,0.656,0.344,.@replouiegohmert: Mueller Would 'Love to Get Trump's Scalp' https://t.co/hktyz2wn3g,63.0,@FoxNews
0.6249,0.0,0.788,0.212,"@KMCRadio: ""On nearly every agenda item that you can point to, [@POTUS has]  either fulfilled the promise or he's m‚Ä¶ https://t.co/soXZMzlQpi",64.0,@FoxNews
-0.3818,0.178,0.822,0.0,Uneasiness as N. Korea plans 'satellite' launch for space program https://t.co/n5EW5MBiBk #FoxNewsWorld https://t.co/805kN69w1t,65.0,@FoxNews
0.5106,0.0,0.798,0.202,"Democratic Commentator Monique Pressley: ""From a Democrat's perspective, and from an honest Republican's perspectiv‚Ä¶ https://t.co/tQTWrJoptO",66.0,@FoxNews
0.5423,0.0,0.821,0.179,"Retiring GOP Rep: Republican 'Litmus Test' Used to Be Ideological, Now It's 'Loyalty to the Man'  https://t.co/nnseCVp4DX",67.0,@FoxNews
-0.1027,0.159,0.654,0.187,"Criminal Defense Attorney Yosha Gunasekera: ""Apple promised consumers a phone that works, not a phone that later sl‚Ä¶ https://t.co/qit4Tc8vUv",68.0,@FoxNews
0.0,0.0,1.0,0.0,"Steyn: If a President Were to Hold UN Accountable, 'Trump's the Guy Who Would' https://t.co/kmZr4J1PNc",69.0,@FoxNews
-0.6801,0.318,0.682,0.0,".@jessecordweber: ""Consumers had absolutely no idea and [those are] deceptive, unfair business practices.""‚Ä¶ https://t.co/oPkYnt47m5",70.0,@FoxNews
0.25,0.0,0.913,0.087,"Lt. Col. Ralph Peters: ""When the North Koreans say it's a 'pipe dream' for anyone to think that they'll give up the‚Ä¶ https://t.co/KPksMBvwHx",71.0,@FoxNews
0.0,0.0,1.0,0.0,"2017 Year in Review, @ShepNewsTeam reports https://t.co/59PpET6yIv",72.0,@FoxNews
0.5994,0.161,0.435,0.404,.@POTUS Celebrating Major Progress in the Fight Against ISIS https://t.co/NvfqpblFJr,73.0,@FoxNews
-0.5267,0.328,0.672,0.0,FDNY Firefighter Seriously Injured on 9/11 Donates Kidney to Stranger https://t.co/Q54jJj9Lz4,74.0,@FoxNews
0.0,0.0,1.0,0.0,"Former @BarackObama Campaign Regional Director @robinbiro: ""It's the @POTUS that keeps roping [the @FBI] in to poli‚Ä¶ https://t.co/rG7l4rfR1a",75.0,@FoxNews
-0.7717,0.401,0.599,0.0,"Suspect shot, killed woman, two children in Phoenix on Christmas https://t.co/1qMvajQ8hy https://t.co/MIweCrjpeS",76.0,@FoxNews
-0.1027,0.135,0.865,0.0,Pennsylvania woman stunned by $284 billion electric bill https://t.co/CVPk8dKd11 https://t.co/YT9rltSTU2,77.0,@FoxNews
0.0,0.0,1.0,0.0,"Former Missouri Senator John Loudon on #ObamaCare: ""People have coverage, but they can't access it, either because‚Ä¶ https://t.co/yT3mNrZiJd",78.0,@FoxNews
0.4754,0.0,0.829,0.171,"Former DNC Communications Director @hodge: ""#Obamacare is more popular now than it's ever been."" @AmericaNewsroom https://t.co/9N8DHzPROI",79.0,@FoxNews
0.0,0.0,1.0,0.0,WATCH: President Trump Teleconferences With Troops for Christmas https://t.co/6geixt2OW8,80.0,@FoxNews
0.0772,0.0,0.794,0.206,Arlington Memorial Bridge Awaits Rehab https://t.co/2BBhFSNXFl,81.0,@FoxNews
0.0,0.0,1.0,0.0,'The Office's' Jenna Fischer blasted over incorrect GOP tax bill tweet https://t.co/mS40XREwXM,82.0,@FoxNews
0.0,0.0,1.0,0.0,Trump makes historic mark on federal bench in first year ‚Äì and 2018 could be bigger https://t.co/5LKFWKKT6M,83.0,@FoxNews
0.2709,0.091,0.772,0.137,.@AmbJohnBolton: ‚ÄúThere‚Äôs nothing that speaks like American money at the UN‚Ä¶The stage is now set for some pretty dr‚Ä¶ https://t.co/Lf3hxz64Dp,84.0,@FoxNews
0.4215,0.0,0.859,0.141,.@AmbJohnBolton: ‚ÄúI think this is a real opportunity for the Trump administration‚Ä¶There are plenty of parts of the‚Ä¶ https://t.co/DVpbEIvlC0,85.0,@FoxNews
-0.6908,0.32,0.68,0.0,".@POTUS predicts mandate repeal will kill ObamaCare, spur replacement plan https://t.co/iTL7csg4Rr",86.0,@FoxNews
0.0,0.0,1.0,0.0,JetBlue plane slides off taxiway at Boston airport https://t.co/LKLAa8Psa1,87.0,@FoxNews
0.0,0.0,1.0,0.0,".@MarkSteynOnline on @foxandfriends: ‚ÄúIf you have chain migration, you don‚Äôt have an immigration system‚Ä¶All countri‚Ä¶ https://t.co/dXDMqVsOOl",88.0,@FoxNews
0.0,0.0,1.0,0.0,.@MarkSteynOnline on @POTUS: ‚ÄúHe is the one guy who could actually rollback the U.N.‚Äù @foxandfriends‚Ä¶ https://t.co/zkOGomV6Ud,89.0,@FoxNews
0.2263,0.0,0.905,0.095,".@replouiegohmert on @foxandfriends: ‚ÄúMy impression is: Since the day Mueller went in, he has not been the upstandi‚Ä¶ https://t.co/LQ8ozdvaiX",90.0,@FoxNews
0.765,0.0,0.68,0.32,Reunited With a Hero: Here Are Some of Our Favorite Military Homecomings of the Past Year https://t.co/NuK9JTddFm,91.0,@FoxNews
0.0,0.0,1.0,0.0,Mother Gives Birth on the Side of the Road on Christmas https://t.co/dpa4Ucs9Vf,92.0,@FoxNews
0.296,0.0,0.849,0.151,".@jasoninthehouse on the tax bill: ""[Republicans] want to allow the American people to keep their own money in thei‚Ä¶ https://t.co/z7d6pELspF",93.0,@FoxNews
0.0,0.0,1.0,0.0,Trump administration set to unveil $1 trillion infrastructure proposal in 2018 https://t.co/U3nkoYFzDc,94.0,@FoxNews
-0.4588,0.193,0.697,0.111,"Sheriff Chuck Jenkins on MS-13: ""We have to treat this group as we would any other terrorist group."" https://t.co/s3FSiwSuoW",95.0,@FoxNews
-0.4767,0.193,0.807,0.0,"'My Big Fat Greek Wedding' actress arrested for shoplifting food, claims she's destitute https://t.co/2k4TCEPCG7",96.0,@FoxNews
0.0,0.0,1.0,0.0,Infrastructure on 2018 Agenda https://t.co/83K7CfKTaT,97.0,@FoxNews
0.0,0.0,1.0,0.0,Chicago police stun-gun policy changes have officers' union balking https://t.co/9Rdh6gCoJg,98.0,@FoxNews
0.128,0.0,0.927,0.073,".@Jehmu: ""It doesn't take rocket science to know that there's going to be an independent challenger and probably on‚Ä¶ https://t.co/qpdaVLoTgd",99.0,@FoxNews
-0.2732,0.189,0.811,0.0,Haley announces $285M cut in 2018-19 UN operating budget https://t.co/cH1XJVTxCa,100.0,@FoxNews
0.0,0.0,1.0,0.0,"RT @NYTObits: After an Italian court declared her to be Puccini's granddaughter, Simonetta Puccini worked to maintain and foster his legacy‚Ä¶",1.0,@nytimes
0.0,0.0,1.0,0.0,Evening Briefing: Here's what you need to know at the end of the day https://t.co/bYow19aF9o,2.0,@nytimes
0.7506,0.0,0.697,0.303,"This hearty soup requires a good afternoon simmer, filling your house with the aromas of all things good and warming https://t.co/vrPA0svOfj",3.0,@nytimes
0.0,0.0,1.0,0.0,Uber and Lyft cars have slowed traffic in Manhattan to a crawl. One idea to fix it? Charge riders even more. https://t.co/cr6HkmM9RG,4.0,@nytimes
0.5267,0.0,0.833,0.167,"Meet Fabulous Flournoy, a 44-year-old from the South Bronx who's a basketball legend in Britain and much, much more https://t.co/73Qp23x7wr",5.0,@nytimes
0.0,0.0,1.0,0.0,How far New York's attorney general is willing to go in taking on Trump could define his political career. One read‚Ä¶ https://t.co/viCdjKiden,6.0,@nytimes
0.0,0.0,1.0,0.0,"The Golden State Warriors appear to be building their most well-rounded team yet, writes @TheSteinLine https://t.co/w9z2MuNdVy",7.0,@nytimes
0.7579,0.0,0.681,0.319,"A perfume store encourages consumers to trust their noses, labeling fragrances only by number. One of the most popu‚Ä¶ https://t.co/eClGf55ye7",8.0,@nytimes
0.0,0.0,1.0,0.0,Uber and Lyft cars have slowed traffic in Manhattan to a crawl. One idea a state task force is weighing: charging p‚Ä¶ https://t.co/UiFmlSinvL,9.0,@nytimes
0.7184,0.0,0.727,0.273,"RT @UpshotNYT: Taiwan's health care overhaul: what worked, what didn't, and what the United States can learn. https://t.co/czBqCXufgq",10.0,@nytimes
0.0,0.0,1.0,0.0,"From classic to spicy to spiked, make these hot chocolate recipes https://t.co/XSs8dSsy90 https://t.co/OviZKIfWjU",11.0,@nytimes
0.0,0.0,1.0,0.0,"Mary Tyler Moore, Chuck Berry, Jerry Lewis. Remembering the lives that touched our own. https://t.co/QTpE1MuGLH",12.0,@nytimes
0.0,0.0,1.0,0.0,The Betoota Advocate is increasingly one of Australia's most widely read newspapers. It's also completely made up. https://t.co/EM2PgZU2PC,13.0,@nytimes
0.5267,0.0,0.866,0.134,RT @NYTSports: Fabulous Flournoy is a 44-year-old basketball legend in Britain who grew up in the Bronx and ate 30-40 bananas every day for‚Ä¶,14.0,@nytimes
0.0,0.0,1.0,0.0,"RT @nytimesbooks: James Baldwin was writing for his life, and the nation looked away https://t.co/fe1eEZJBcA",15.0,@nytimes
0.127,0.11,0.717,0.173,"‚ÄúI do not pay you to criticize me.‚Äù Mexico's government pours cash into media advertising, gaining control over new‚Ä¶ https://t.co/Uf5hr7a0kh",16.0,@nytimes
-0.6597,0.265,0.735,0.0,"Senator Orrin Hatch said he was ‚Äúgrateful‚Äù for a scathing editorial suggesting he resign, prompting ridicule. A spo‚Ä¶ https://t.co/WMFUkTlCZG",17.0,@nytimes
-0.3182,0.202,0.673,0.125,"Andrew taught his mother how to be happy. Then when he was 13, he was diagnosed with an aggressive form of cancer. https://t.co/T4UcXS9kwZ",18.0,@nytimes
0.0516,0.122,0.748,0.13,"""It felt terrible to wrestle with ethical and professional questions when all I wanted to do was be with my friend.‚Ä¶ https://t.co/gJiRFIZVmA",19.0,@nytimes
0.1779,0.0,0.922,0.078,"‚ÄúIt‚Äôs over now for us.‚Äù Our reporter visited the last native speaker of an Amazon tribe‚Äôs language, who feels overw‚Ä¶ https://t.co/qzDjPFsvEf",20.0,@nytimes
0.0,0.0,1.0,0.0,"RT @NYTObits: After an Italian court declared her to be Puccini's granddaughter, Simonetta Puccini worked to maintain and foster his legacy‚Ä¶",21.0,@nytimes
0.0,0.0,1.0,0.0,Evening Briefing: Here's what you need to know at the end of the day https://t.co/bYow19aF9o,22.0,@nytimes
0.7506,0.0,0.697,0.303,"This hearty soup requires a good afternoon simmer, filling your house with the aromas of all things good and warming https://t.co/vrPA0svOfj",23.0,@nytimes
0.0,0.0,1.0,0.0,Uber and Lyft cars have slowed traffic in Manhattan to a crawl. One idea to fix it? Charge riders even more. https://t.co/cr6HkmM9RG,24.0,@nytimes
0.5267,0.0,0.833,0.167,"Meet Fabulous Flournoy, a 44-year-old from the South Bronx who's a basketball legend in Britain and much, much more https://t.co/73Qp23x7wr",25.0,@nytimes
0.0,0.0,1.0,0.0,How far New York's attorney general is willing to go in taking on Trump could define his political career. One read‚Ä¶ https://t.co/viCdjKiden,26.0,@nytimes
0.0,0.0,1.0,0.0,"The Golden State Warriors appear to be building their most well-rounded team yet, writes @TheSteinLine https://t.co/w9z2MuNdVy",27.0,@nytimes
0.7579,0.0,0.681,0.319,"A perfume store encourages consumers to trust their noses, labeling fragrances only by number. One of the most popu‚Ä¶ https://t.co/eClGf55ye7",28.0,@nytimes
0.0,0.0,1.0,0.0,Uber and Lyft cars have slowed traffic in Manhattan to a crawl. One idea a state task force is weighing: charging p‚Ä¶ https://t.co/UiFmlSinvL,29.0,@nytimes
0.7184,0.0,0.727,0.273,"RT @UpshotNYT: Taiwan's health care overhaul: what worked, what didn't, and what the United States can learn. https://t.co/czBqCXufgq",30.0,@nytimes
0.0,0.0,1.0,0.0,"From classic to spicy to spiked, make these hot chocolate recipes https://t.co/XSs8dSsy90 https://t.co/OviZKIfWjU",31.0,@nytimes
0.0,0.0,1.0,0.0,"Mary Tyler Moore, Chuck Berry, Jerry Lewis. Remembering the lives that touched our own. https://t.co/QTpE1MuGLH",32.0,@nytimes
0.0,0.0,1.0,0.0,The Betoota Advocate is increasingly one of Australia's most widely read newspapers. It's also completely made up. https://t.co/EM2PgZU2PC,33.0,@nytimes
0.5267,0.0,0.866,0.134,RT @NYTSports: Fabulous Flournoy is a 44-year-old basketball legend in Britain who grew up in the Bronx and ate 30-40 bananas every day for‚Ä¶,34.0,@nytimes
0.0,0.0,1.0,0.0,"RT @nytimesbooks: James Baldwin was writing for his life, and the nation looked away https://t.co/fe1eEZJBcA",35.0,@nytimes
0.127,0.11,0.717,0.173,"‚ÄúI do not pay you to criticize me.‚Äù Mexico's government pours cash into media advertising, gaining control over new‚Ä¶ https://t.co/Uf5hr7a0kh",36.0,@nytimes
-0.6597,0.265,0.735,0.0,"Senator Orrin Hatch said he was ‚Äúgrateful‚Äù for a scathing editorial suggesting he resign, prompting ridicule. A spo‚Ä¶ https://t.co/WMFUkTlCZG",37.0,@nytimes
-0.3182,0.202,0.673,0.125,"Andrew taught his mother how to be happy. Then when he was 13, he was diagnosed with an aggressive form of cancer. https://t.co/T4UcXS9kwZ",38.0,@nytimes
0.0516,0.122,0.748,0.13,"""It felt terrible to wrestle with ethical and professional questions when all I wanted to do was be with my friend.‚Ä¶ https://t.co/gJiRFIZVmA",39.0,@nytimes
0.1779,0.0,0.922,0.078,"‚ÄúIt‚Äôs over now for us.‚Äù Our reporter visited the last native speaker of an Amazon tribe‚Äôs language, who feels overw‚Ä¶ https://t.co/qzDjPFsvEf",40.0,@nytimes
0.0,0.0,1.0,0.0,To swipe or not to swipe? That‚Äôs the question on every iPhone X user‚Äôs mind now that the home button is gone.‚Ä¶ https://t.co/Bo69e1v0tG,41.0,@nytimes
0.34,0.0,0.882,0.118,"About 2,000 Homeland Security employees are now deployed to over 70 countries, a move that has some allies calling‚Ä¶ https://t.co/SuDNZ3Lk3d",42.0,@nytimes
0.0,0.0,1.0,0.0,"RT @UpshotNYT: With one week to go in the regular season, all the playoff trees. https://t.co/L5XhzxeqTd",43.0,@nytimes
0.7906,0.0,0.654,0.346,"Opinion: ""It doesn‚Äôt matter that he‚Äôs from a good home, with loving parents; all that matters to the white world is‚Ä¶ https://t.co/a7FGArrEtA",44.0,@nytimes
0.4767,0.0,0.871,0.129,"It's not your imagination. More of your Facebook friends are asking you for money, and the platform is making it ea‚Ä¶ https://t.co/TPewC2QHnZ",45.0,@nytimes
0.079,0.131,0.727,0.142,RT @HannaIngber: A beautiful Times Insider by @leslyedavis who spent 5 years following a very sick boy to tell his story. On how their live‚Ä¶,46.0,@nytimes
0.0,0.0,1.0,0.0,A bowl of this hearty soup is the kind of thing that cures what ails you https://t.co/gIGrfjH3vt,47.0,@nytimes
-0.5574,0.159,0.841,0.0,A father's effort to ban junk food sales in and near schools aims to change what children eat in India https://t.co/vEUHlvsuLp,48.0,@nytimes
0.296,0.0,0.864,0.136,Journalists Cokie and Steven Roberts share the secret to their 51 years of marriage https://t.co/5AXakllevE,49.0,@nytimes
0.0,0.0,1.0,0.0,"The NYT review of ""All the Money in the World,"" the Ridley Scott movie from which Kevin Spacey was removed https://t.co/myOjxsHRuu",50.0,@nytimes
-0.2732,0.091,0.909,0.0,"In the wake of the Texas church massacre, New York, San Francisco and Philadelphia are suing the Pentagon for its f‚Ä¶ https://t.co/0U7mhvV4Fe",51.0,@nytimes
-0.4404,0.132,0.868,0.0,"‚ÄúIf a professional reporter wants to cover the dirty elements of what is happening in the country today, neither th‚Ä¶ https://t.co/pm9gwIiUPq",52.0,@nytimes
0.0,0.0,1.0,0.0,El gobierno de Enrique Pe√±a Nieto gasta millones de d√≥lares en publicidad en medios y as√≠ logra control sobre la co‚Ä¶ https://t.co/8m0BQ8x8AE,53.0,@nytimes
0.8126,0.0,0.739,0.261,"RT @TheSteinLine: On Pro Basketball column from Tuesday‚Äôs @NYTSports: They won the big one on Christmas Day, but these Warriors are happy t‚Ä¶",54.0,@nytimes
0.0,0.0,1.0,0.0,"The survival of the Taushiro tribe has suddenly come down to a sole, complicated man https://t.co/K7PhaoKV5g https://t.co/tToWiyK5bi",55.0,@nytimes
0.0,0.0,1.0,0.0,How did pop culture look from inside the White House and the halls of Congress in 2017? We look back. https://t.co/7dwZQcO7t7,56.0,@nytimes
0.34,0.0,0.87,0.13,"Jenna Fischer's first real acting job before she played Pam on ""The Office"": a sex education video https://t.co/6tIz3DK0H9",57.0,@nytimes
0.0,0.0,1.0,0.0,"As the year comes to a close, the Islamic State is far from being vanquished in eastern Afghanistan https://t.co/FilGGbAfnj",58.0,@nytimes
0.0,0.0,1.0,0.0,"The magnitude of the Gardner heist, and the fact that it remains unsolved, is an open wound for Bostonians. Hence t‚Ä¶ https://t.co/4WyKJFRu9A",59.0,@nytimes
0.0,0.0,1.0,0.0,"The presents are opened, Santa‚Äôs cookies are eaten, but the tree remains. Now what?https://t.co/LxGWhto1zU",60.0,@nytimes
0.0,0.0,1.0,0.0,"From handwashing to laundromats, people in different parts of the world gather together to do laundry. Enter those‚Ä¶ https://t.co/oVSY86RmBm",61.0,@nytimes
-0.8519,0.304,0.696,0.0,"India is ""sitting on a volcano"" of diabetes, but a father‚Äôs battle to ban junk food sales near schools has set off‚Ä¶ https://t.co/a3ArFztwMO",62.0,@nytimes
0.0,0.0,1.0,0.0,"Opinion: ""What does it mean that Trump didn‚Äôt have the nerve, for a single night, to be in a room with artists who‚Ä¶ https://t.co/qu9jEh3zbU",63.0,@nytimes
0.0,0.0,1.0,0.0,Morning Briefing: Here's what you need to know to start your day https://t.co/1aia46lEuv,64.0,@nytimes
0.4588,0.077,0.739,0.183,The sliver of the U.S. that did get ahead from Reagan-era tax cuts was the one at the tippy top: the richest Americ‚Ä¶ https://t.co/swLF26KtWA,65.0,@nytimes
0.0,0.0,1.0,0.0,"Oaxaca is justly famous for its mole and chocolate, but there's also a complex heritage to explore https://t.co/zkAXZ2HlRi",66.0,@nytimes
0.0,0.0,1.0,0.0,"The human body makes tens of thousands of cellular proteins, each for a particular task. Now researchers have learn‚Ä¶ https://t.co/QFP4fF48jD",67.0,@nytimes
0.0,0.0,1.0,0.0,How far New York's attorney general is willing to go in taking on Trump could define his political career https://t.co/Vd8EfQbI5d,68.0,@nytimes
-0.4767,0.171,0.829,0.0,"After Juan Carlos Hernandez Pacheco was arrested for being undocumented, a reporter first turned to neighbors https://t.co/BqrhrtT0cQ",69.0,@nytimes
0.0,0.0,1.0,0.0,Morning Briefing: Here's what you need to know to start your day https://t.co/nqySvnJRL5,70.0,@nytimes
0.0,0.0,1.0,0.0,"Thousands once spoke his language. Now, he‚Äôs the only one. https://t.co/vIVx56rbCJ https://t.co/DyEFtco0jS",71.0,@nytimes
-0.2023,0.168,0.657,0.175,RT @nytimesworld: A film about a teacher raped by the son of a powerful politician became a chance for Pakistani women to speak out https:/‚Ä¶,72.0,@nytimes
0.0,0.0,1.0,0.0,Major news events in 2017 were big ‚Äî often big enough to be seen from far above https://t.co/kI2Ff7dVWg,73.0,@nytimes
0.0,0.0,1.0,0.0,A far-right politician called Berlin's Holocaust Memorial  ‚Äúa monument of shame.‚Äù So an art group built a replica o‚Ä¶ https://t.co/Cs05PceZa0,74.0,@nytimes
-0.6705,0.478,0.522,0.0,Cross-Border Clashes in Kashmir Leave 7 Soldiers Dead https://t.co/SfcBmNXKO6,75.0,@nytimes
0.5267,0.0,0.672,0.328,6 More Shows to See if You Still Need Holiday Spirit https://t.co/pgAU4vYJbA,76.0,@nytimes
-0.2023,0.266,0.584,0.149,Op-Ed Contributor: The Hard Truth About the West‚Äôs Wild Horse Problem https://t.co/cMV8KDxhfx,77.0,@nytimes
0.6369,0.0,0.792,0.208,"What music do Americans love the most? We made a playlist for each neighborhood. https://t.co/UVRYdpKt0I

This was‚Ä¶ https://t.co/ycDwy5gm7y",78.0,@nytimes
-0.3818,0.245,0.755,0.0,New York‚Äôs Attorney General in Battle With Trump https://t.co/xzTxBXRsLi,79.0,@nytimes
-0.296,0.099,0.901,0.0,"Eminem's album, a self-lacerating work that also takes aim at President Trump, is his 8th in a row to debut at No. 1 https://t.co/vxTXUQwSzT",80.0,@nytimes
0.0,0.0,1.0,0.0,Coyotes Are Colonizing Cities. Step Forward the Urban Hunter. https://t.co/FA90Qu0J3M,81.0,@nytimes
0.0,0.0,1.0,0.0,The Year in Gender https://t.co/eKhXdZdDxV,82.0,@nytimes
-0.0686,0.066,0.878,0.056,"RT @DougSchorzman: ‚ÄúIf you tie a Taliban fighter to the trunk of this tree, and then you tell him ISIS is coming, he will run so hard that‚Ä¶",83.0,@nytimes
0.0,0.0,1.0,0.0,"In some New York City neighborhoods, cashless is fast on its way to becoming normal https://t.co/NYa2lRKEd6",84.0,@nytimes
-0.561,0.153,0.847,0.0,"‚ÄúWe will campaign against this fake election and persuade people not to take part in it,‚Äù said Aleksei A. Navalny,‚Ä¶ https://t.co/n9Hp7NH8co",85.0,@nytimes
0.0,0.0,1.0,0.0,RT @peterbakernyt: Lebanon‚Äôs Prime Minister Hariri thought he was going on a desert camping trip with Saudi‚Äôs Crown Prince Mohammed. Then h‚Ä¶,86.0,@nytimes
-0.6908,0.207,0.793,0.0,Queen Elizabeth II's Christmas message this year paid tribute to young survivors of the terrorist bombing in Manche‚Ä¶ https://t.co/VNCHELZGnY,87.0,@nytimes
0.0,0.0,1.0,0.0,"North Korea‚Äôs next nuclear test could take place not underground but over the Pacific Ocean, analysts say https://t.co/dsXOYVio6f",88.0,@nytimes
0.4767,0.086,0.706,0.208,"""We will no longer let the generosity of the American people be taken advantage of or remain unchecked,"" said Nikki‚Ä¶ https://t.co/4RtTQc0tc7",89.0,@nytimes
-0.6597,0.34,0.534,0.126,These lab-made cellular proteins may one day protect against cancer or the flu https://t.co/LCW0sig8oh,90.0,@nytimes
0.0,0.0,1.0,0.0,Coyotes are adapting to city life. So are their hunters. https://t.co/uiavZyHqGO,91.0,@nytimes
0.0,0.0,1.0,0.0,Got an iPhone X? Learn these 11 gestures. https://t.co/4jpVFsllAS,92.0,@nytimes
0.1027,0.097,0.787,0.116,"A Mexican newspaper gets an infusion of government cash. Now, a critic says, ‚ÄúThe paper has been like a spokesman f‚Ä¶ https://t.co/arqlhrW007",93.0,@nytimes
0.1531,0.0,0.938,0.062,"""If you tie a Taliban fighter to the trunk of this tree, and then you tell him ISIS is coming, he will run so hard‚Ä¶ https://t.co/XFxU2m4Hhh",94.0,@nytimes
-0.6486,0.177,0.823,0.0,"RT @nytimesbusiness: William Agee, a star CEO in the 1970s, is dead at 79. His relationship with a female subordinate, Mary Cunningham, rai‚Ä¶",95.0,@nytimes
0.0772,0.0,0.929,0.071,New research challenges the deeply held notion that family relationships can‚Äôt be dissolved and suggests that estra‚Ä¶ https://t.co/7Uhhz4AJF6,96.0,@nytimes
0.0,0.0,1.0,0.0,"The Philippines is phasing out its most widely used mode of transportation, also known as the ""king of the road"" https://t.co/Z4AN6v3RSe",97.0,@nytimes
0.6369,0.0,0.634,0.366,What are some good TV romances? @margeincharge has some answers. https://t.co/w82na61Wwr,98.0,@nytimes
-0.2023,0.141,0.859,0.0,Why Lebanon‚Äôs prime minister had that strange sojourn in Saudi Arabia https://t.co/vFDbM7K26Q,99.0,@nytimes
-0.7717,0.33,0.549,0.121,"RT @nytopinion: No matter what Mueller finds, no matter how damning and no matter what Trump does, expect Republican majorities in Congress‚Ä¶",100.0,@nytimes
